image_file,stem,detection_index,score,x_min_px,y_min_px,x_max_px,y_max_px
augmented_raw_dataset_city_foggy_city_foggy_8_9_sequence.115_step0.camera.png,augmented_raw_dataset_city_foggy_city_foggy_8_9_sequence.115_step0.camera,0,0.9999418258666992,1550.665771484375,405.5649719238281,1591.8480224609375,432.0738830566406
augmented_raw_dataset_city_foggy_city_foggy_8_9_sequence.115_step0.camera.png,augmented_raw_dataset_city_foggy_city_foggy_8_9_sequence.115_step0.camera,1,0.9995796084403992,1285.781005859375,527.822021484375,1330.7159423828125,576.4537963867188
augmented_raw_dataset_city_foggy_city_foggy_8_9_sequence.129_step0.camera.png,augmented_raw_dataset_city_foggy_city_foggy_8_9_sequence.129_step0.camera,0,0.9999816417694092,1578.395263671875,446.373046875,1601.4677734375,473.3042297363281
augmented_raw_dataset_city_foggy_city_foggy_8_9_sequence.129_step0.camera.png,augmented_raw_dataset_city_foggy_city_foggy_8_9_sequence.129_step0.camera,1,0.9998310804367065,1210.4637451171875,592.7344970703125,1279.1690673828125,637.6983642578125
augmented_raw_dataset_city_foggy_city_foggy_8_9_sequence.195_step0.camera.png,augmented_raw_dataset_city_foggy_city_foggy_8_9_sequence.195_step0.camera,0,0.9999685287475586,1294.7374267578125,423.0738525390625,1326.045654296875,454.922607421875
augmented_raw_dataset_city_foggy_city_foggy_8_9_sequence.283_step0.camera.png,augmented_raw_dataset_city_foggy_city_foggy_8_9_sequence.283_step0.camera,0,0.9999524354934692,1155.240234375,600.2518920898438,1240.1934814453125,632.662841796875
augmented_raw_dataset_city_foggy_city_foggy_8_9_sequence.283_step0.camera.png,augmented_raw_dataset_city_foggy_city_foggy_8_9_sequence.283_step0.camera,1,0.9999376535415649,1585.22216796875,493.4500732421875,1626.45166015625,532.00048828125
augmented_raw_dataset_city_foggy_city_foggy_8_9_sequence.286_step0.camera.png,augmented_raw_dataset_city_foggy_city_foggy_8_9_sequence.286_step0.camera,0,0.9999151229858398,1158.1953125,597.0906982421875,1240.87890625,652.2730102539062
augmented_raw_dataset_city_foggy_city_foggy_8_9_sequence.286_step0.camera.png,augmented_raw_dataset_city_foggy_city_foggy_8_9_sequence.286_step0.camera,1,0.9998238682746887,1590.7977294921875,514.22412109375,1634.13671875,557.8350830078125
augmented_raw_dataset_city_foggy_city_foggy_8_9_sequence.32_step0.camera.png,augmented_raw_dataset_city_foggy_city_foggy_8_9_sequence.32_step0.camera,0,0.9998573064804077,1552.31884765625,740.3577270507812,1595.83447265625,773.7750854492188
augmented_raw_dataset_city_foggy_city_foggy_8_9_sequence.32_step0.camera.png,augmented_raw_dataset_city_foggy_city_foggy_8_9_sequence.32_step0.camera,1,0.9995138645172119,1253.56982421875,523.28857421875,1312.2764892578125,576.7830200195312
augmented_raw_dataset_city_foggy_city_foggy_8_9_sequence.32_step0.camera.png,augmented_raw_dataset_city_foggy_city_foggy_8_9_sequence.32_step0.camera,2,0.9994788765907288,1571.6270751953125,734.2822875976562,1600.091064453125,772.6534423828125
augmented_raw_dataset_city_foggy_city_foggy_8_9_sequence.331_step0.camera.png,augmented_raw_dataset_city_foggy_city_foggy_8_9_sequence.331_step0.camera,0,0.9999985694885254,1131.3896484375,786.7810668945312,1234.1170654296875,830.018310546875
augmented_raw_dataset_city_foggy_city_foggy_8_9_sequence.331_step0.camera.png,augmented_raw_dataset_city_foggy_city_foggy_8_9_sequence.331_step0.camera,1,0.9998551607131958,1600.120361328125,536.4462280273438,1655.3917236328125,584.3723754882812
augmented_raw_dataset_city_foggy_city_foggy_8_9_sequence.395_step0.camera.png,augmented_raw_dataset_city_foggy_city_foggy_8_9_sequence.395_step0.camera,0,0.9997796416282654,1214.542236328125,640.1650390625,1286.733154296875,665.760986328125
augmented_raw_dataset_city_foggy_city_foggy_8_9_sequence.395_step0.camera.png,augmented_raw_dataset_city_foggy_city_foggy_8_9_sequence.395_step0.camera,1,0.9997523427009583,1465.810546875,548.872802734375,1515.803466796875,598.912109375
augmented_raw_dataset_city_foggy_city_foggy_8_9_sequence.40_step0.camera.png,augmented_raw_dataset_city_foggy_city_foggy_8_9_sequence.40_step0.camera,0,0.9999194145202637,1298.8453369140625,509.5282287597656,1353.9781494140625,558.9981079101562
augmented_raw_dataset_city_foggy_city_foggy_8_9_sequence.40_step0.camera.png,augmented_raw_dataset_city_foggy_city_foggy_8_9_sequence.40_step0.camera,1,0.9998247027397156,1588.186279296875,714.473876953125,1632.440185546875,759.5540161132812
augmented_raw_dataset_city_foggy_city_foggy_8_9_sequence.411_step0.camera.png,augmented_raw_dataset_city_foggy_city_foggy_8_9_sequence.411_step0.camera,0,0.9998975992202759,1490.31201171875,634.5203857421875,1548.49072265625,693.09423828125
augmented_raw_dataset_city_foggy_city_foggy_8_9_sequence.411_step0.camera.png,augmented_raw_dataset_city_foggy_city_foggy_8_9_sequence.411_step0.camera,1,0.9998480081558228,1090.5047607421875,664.8045043945312,1160.81103515625,700.7857055664062
augmented_raw_dataset_city_foggy_city_foggy_8_9_sequence.414_step0.camera.png,augmented_raw_dataset_city_foggy_city_foggy_8_9_sequence.414_step0.camera,0,0.9998987913131714,1493.53564453125,667.684814453125,1561.07958984375,720.4555053710938
augmented_raw_dataset_city_foggy_city_foggy_8_9_sequence.414_step0.camera.png,augmented_raw_dataset_city_foggy_city_foggy_8_9_sequence.414_step0.camera,1,0.9995893836021423,1072.42822265625,659.3178100585938,1150.24267578125,700.494384765625
augmented_raw_dataset_city_foggy_city_foggy_8_9_sequence.422_step0.camera.png,augmented_raw_dataset_city_foggy_city_foggy_8_9_sequence.422_step0.camera,0,0.9998552799224854,1531.34912109375,789.757080078125,1596.78369140625,841.03271484375
augmented_raw_dataset_city_foggy_city_foggy_8_9_sequence.422_step0.camera.png,augmented_raw_dataset_city_foggy_city_foggy_8_9_sequence.422_step0.camera,1,0.9998548030853271,1028.124755859375,635.2926025390625,1122.187744140625,678.56591796875
augmented_raw_dataset_city_foggy_city_foggy_8_9_sequence.527_step0.camera.png,augmented_raw_dataset_city_foggy_city_foggy_8_9_sequence.527_step0.camera,0,0.9999653100967407,1530.9384765625,786.6199951171875,1596.55419921875,842.9808959960938
augmented_raw_dataset_city_foggy_city_foggy_8_9_sequence.527_step0.camera.png,augmented_raw_dataset_city_foggy_city_foggy_8_9_sequence.527_step0.camera,1,0.9998902082443237,1294.3028564453125,464.0901794433594,1342.052490234375,484.2857971191406
augmented_raw_dataset_city_foggy_city_foggy_8_9_sequence.549_step0.camera.png,augmented_raw_dataset_city_foggy_city_foggy_8_9_sequence.549_step0.camera,0,0.9999392032623291,1306.811279296875,491.6619873046875,1362.51123046875,518.1018676757812
augmented_raw_dataset_city_foggy_city_foggy_8_9_sequence.550_step0.camera.png,augmented_raw_dataset_city_foggy_city_foggy_8_9_sequence.550_step0.camera,0,0.9998413324356079,1314.13427734375,499.25677490234375,1362.045654296875,522.4588623046875
augmented_raw_dataset_city_foggy_city_foggy_8_9_sequence.642_step0.camera.png,augmented_raw_dataset_city_foggy_city_foggy_8_9_sequence.642_step0.camera,0,0.9997839331626892,1579.130126953125,434.7196960449219,1615.3211669921875,475.284912109375
augmented_raw_dataset_city_foggy_city_foggy_8_9_sequence.642_step0.camera.png,augmented_raw_dataset_city_foggy_city_foggy_8_9_sequence.642_step0.camera,1,0.9996064305305481,1169.5386962890625,611.6981201171875,1248.352294921875,662.0464477539062
augmented_raw_dataset_city_foggy_city_foggy_8_9_sequence.696_step0.camera.png,augmented_raw_dataset_city_foggy_city_foggy_8_9_sequence.696_step0.camera,0,0.9999399185180664,1635.6859130859375,958.2106323242188,1678.43701171875,1044.70458984375
augmented_raw_dataset_city_foggy_city_foggy_8_9_sequence.696_step0.camera.png,augmented_raw_dataset_city_foggy_city_foggy_8_9_sequence.696_step0.camera,1,0.9998599290847778,1301.54296875,515.8645629882812,1337.40087890625,560.8544311523438
augmented_raw_dataset_city_foggy_city_foggy_8_9_sequence.74_step0.camera.png,augmented_raw_dataset_city_foggy_city_foggy_8_9_sequence.74_step0.camera,0,0.9999645948410034,1719.47021484375,830.6384887695312,1815.3082275390625,938.3103637695312
augmented_raw_dataset_city_foggy_city_foggy_8_9_sequence.74_step0.camera.png,augmented_raw_dataset_city_foggy_city_foggy_8_9_sequence.74_step0.camera,1,0.9993871450424194,1735.8779296875,835.5202026367188,1818.427734375,892.380126953125
augmented_raw_dataset_city_foggy_city_foggy_8_9_sequence.78_step0.camera.png,augmented_raw_dataset_city_foggy_city_foggy_8_9_sequence.78_step0.camera,0,0.9999821186065674,1350.667236328125,495.0123291015625,1379.025146484375,522.0714111328125
augmented_raw_dataset_city_foggy_city_foggy_8_9_sequence.78_step0.camera.png,augmented_raw_dataset_city_foggy_city_foggy_8_9_sequence.78_step0.camera,1,0.9999501705169678,1713.828125,794.146484375,1799.8126220703125,910.2484130859375
augmented_raw_dataset_city_foggy_city_foggy_8_9_sequence.792_step0.camera.png,augmented_raw_dataset_city_foggy_city_foggy_8_9_sequence.792_step0.camera,0,0.9999750852584839,1733.8792724609375,949.6146240234375,1818.166015625,1018.2957763671875
augmented_raw_dataset_city_foggy_city_foggy_8_9_sequence.792_step0.camera.png,augmented_raw_dataset_city_foggy_city_foggy_8_9_sequence.792_step0.camera,1,0.9996848106384277,1336.8529052734375,449.1060791015625,1386.1793212890625,483.9217529296875
augmented_raw_dataset_city_foggy_city_foggy_8_9_sequence.818_step0.camera.png,augmented_raw_dataset_city_foggy_city_foggy_8_9_sequence.818_step0.camera,0,0.9999754428863525,1151.5909423828125,515.7036743164062,1227.693359375,551.1790771484375
augmented_raw_dataset_city_foggy_city_foggy_8_9_sequence.818_step0.camera.png,augmented_raw_dataset_city_foggy_city_foggy_8_9_sequence.818_step0.camera,1,0.9996676445007324,1648.2860107421875,623.2362670898438,1714.66259765625,684.8068237304688
augmented_raw_dataset_city_sunny_city_sunny_8_9_sequence.152_step0.camera.png,augmented_raw_dataset_city_sunny_city_sunny_8_9_sequence.152_step0.camera,0,0.9999483823776245,1717.4716796875,921.6119995117188,1813.054443359375,1001.901611328125
augmented_raw_dataset_city_sunny_city_sunny_8_9_sequence.152_step0.camera.png,augmented_raw_dataset_city_sunny_city_sunny_8_9_sequence.152_step0.camera,1,0.9998562335968018,1317.7264404296875,557.748291015625,1355.2081298828125,597.0951538085938
augmented_raw_dataset_city_sunny_city_sunny_8_9_sequence.173_step0.camera.png,augmented_raw_dataset_city_sunny_city_sunny_8_9_sequence.173_step0.camera,0,0.9997866749763489,1301.1748046875,495.6266784667969,1341.7164306640625,537.4152221679688
augmented_raw_dataset_city_sunny_city_sunny_8_9_sequence.173_step0.camera.png,augmented_raw_dataset_city_sunny_city_sunny_8_9_sequence.173_step0.camera,1,0.9996700286865234,1690.927001953125,578.8247680664062,1755.40234375,642.1419677734375
augmented_raw_dataset_city_sunny_city_sunny_8_9_sequence.19_step0.camera.png,augmented_raw_dataset_city_sunny_city_sunny_8_9_sequence.19_step0.camera,0,0.9999241828918457,1498.66650390625,813.0098876953125,1550.1915283203125,860.7860107421875
augmented_raw_dataset_city_sunny_city_sunny_8_9_sequence.19_step0.camera.png,augmented_raw_dataset_city_sunny_city_sunny_8_9_sequence.19_step0.camera,1,0.9998602867126465,1289.8992919921875,471.404296875,1351.8792724609375,491.37518310546875
augmented_raw_dataset_city_sunny_city_sunny_8_9_sequence.224_step0.camera.png,augmented_raw_dataset_city_sunny_city_sunny_8_9_sequence.224_step0.camera,0,0.9999533891677856,1544.1490478515625,448.8110656738281,1575.8616943359375,475.3307800292969
augmented_raw_dataset_city_sunny_city_sunny_8_9_sequence.224_step0.camera.png,augmented_raw_dataset_city_sunny_city_sunny_8_9_sequence.224_step0.camera,1,0.9997188448905945,1271.0101318359375,519.3619384765625,1321.2908935546875,570.3034057617188
augmented_raw_dataset_city_sunny_city_sunny_8_9_sequence.295_step0.camera.png,augmented_raw_dataset_city_sunny_city_sunny_8_9_sequence.295_step0.camera,0,0.9999951124191284,1585.337646484375,807.7159423828125,1634.1669921875,837.792236328125
augmented_raw_dataset_city_sunny_city_sunny_8_9_sequence.295_step0.camera.png,augmented_raw_dataset_city_sunny_city_sunny_8_9_sequence.295_step0.camera,1,0.9999713897705078,1081.7711181640625,941.0988159179688,1197.2886962890625,1017.2957153320312
augmented_raw_dataset_city_sunny_city_sunny_8_9_sequence.338_step0.camera.png,augmented_raw_dataset_city_sunny_city_sunny_8_9_sequence.338_step0.camera,0,0.9999914169311523,1725.6939697265625,835.9435424804688,1815.0006103515625,968.9423217773438
augmented_raw_dataset_city_sunny_city_sunny_8_9_sequence.338_step0.camera.png,augmented_raw_dataset_city_sunny_city_sunny_8_9_sequence.338_step0.camera,1,0.9999274015426636,1743.47998046875,851.7598266601562,1819.277099609375,925.5549926757812
augmented_raw_dataset_city_sunny_city_sunny_8_9_sequence.338_step0.camera.png,augmented_raw_dataset_city_sunny_city_sunny_8_9_sequence.338_step0.camera,2,0.999629020690918,1344.4892578125,570.9177856445312,1397.30419921875,604.1119384765625
augmented_raw_dataset_city_sunny_city_sunny_8_9_sequence.33_step0.camera.png,augmented_raw_dataset_city_sunny_city_sunny_8_9_sequence.33_step0.camera,0,0.9998155236244202,1187.9139404296875,494.8689880371094,1268.8035888671875,524.7682495117188
augmented_raw_dataset_city_sunny_city_sunny_8_9_sequence.34_step0.camera.png,augmented_raw_dataset_city_sunny_city_sunny_8_9_sequence.34_step0.camera,0,0.9999194145202637,1191.2410888671875,497.23699951171875,1267.4107666015625,529.1034545898438
augmented_raw_dataset_city_sunny_city_sunny_8_9_sequence.392_step0.camera.png,augmented_raw_dataset_city_sunny_city_sunny_8_9_sequence.392_step0.camera,0,0.9999823570251465,1585.5018310546875,431.70159912109375,1604.79052734375,463.8094787597656
augmented_raw_dataset_city_sunny_city_sunny_8_9_sequence.392_step0.camera.png,augmented_raw_dataset_city_sunny_city_sunny_8_9_sequence.392_step0.camera,1,0.999849796295166,1582.2791748046875,422.50799560546875,1610.391357421875,460.82769775390625
augmented_raw_dataset_city_sunny_city_sunny_8_9_sequence.392_step0.camera.png,augmented_raw_dataset_city_sunny_city_sunny_8_9_sequence.392_step0.camera,2,0.9997288584709167,1273.857666015625,529.0464477539062,1319.497314453125,555.9168090820312
augmented_raw_dataset_city_sunny_city_sunny_8_9_sequence.39_step0.camera.png,augmented_raw_dataset_city_sunny_city_sunny_8_9_sequence.39_step0.camera,0,0.9999731779098511,1233.063232421875,536.3253173828125,1305.314453125,571.8427734375
augmented_raw_dataset_city_sunny_city_sunny_8_9_sequence.39_step0.camera.png,augmented_raw_dataset_city_sunny_city_sunny_8_9_sequence.39_step0.camera,1,0.9995881915092468,1506.425048828125,743.1087036132812,1557.9676513671875,790.6714477539062
augmented_raw_dataset_city_sunny_city_sunny_8_9_sequence.416_step0.camera.png,augmented_raw_dataset_city_sunny_city_sunny_8_9_sequence.416_step0.camera,0,0.9998706579208374,1521.65869140625,486.7865905761719,1569.24658203125,524.11083984375
augmented_raw_dataset_city_sunny_city_sunny_8_9_sequence.416_step0.camera.png,augmented_raw_dataset_city_sunny_city_sunny_8_9_sequence.416_step0.camera,1,0.9998612403869629,1262.336181640625,483.54400634765625,1296.9256591796875,533.7589721679688
augmented_raw_dataset_city_sunny_city_sunny_8_9_sequence.438_step0.camera.png,augmented_raw_dataset_city_sunny_city_sunny_8_9_sequence.438_step0.camera,0,0.999925971031189,1258.6090087890625,574.579833984375,1306.386474609375,615.0532836914062
augmented_raw_dataset_city_sunny_city_sunny_8_9_sequence.438_step0.camera.png,augmented_raw_dataset_city_sunny_city_sunny_8_9_sequence.438_step0.camera,1,0.9998569488525391,1611.73095703125,509.0131530761719,1665.828857421875,563.20947265625
augmented_raw_dataset_city_sunny_city_sunny_8_9_sequence.458_step0.camera.png,augmented_raw_dataset_city_sunny_city_sunny_8_9_sequence.458_step0.camera,0,0.9999011754989624,1219.94140625,620.8546142578125,1303.7802734375,668.8912353515625
augmented_raw_dataset_city_sunny_city_sunny_8_9_sequence.458_step0.camera.png,augmented_raw_dataset_city_sunny_city_sunny_8_9_sequence.458_step0.camera,1,0.9998730421066284,1803.7255859375,711.8612060546875,1886.6668701171875,800.2503051757812
augmented_raw_dataset_city_sunny_city_sunny_8_9_sequence.641_step0.camera.png,augmented_raw_dataset_city_sunny_city_sunny_8_9_sequence.641_step0.camera,0,0.9999476671218872,1078.366943359375,935.226318359375,1197.8441162109375,1039.77685546875
augmented_raw_dataset_city_sunny_city_sunny_8_9_sequence.641_step0.camera.png,augmented_raw_dataset_city_sunny_city_sunny_8_9_sequence.641_step0.camera,1,0.9997860789299011,1528.1737060546875,539.5947265625,1569.42431640625,582.4271850585938
augmented_raw_dataset_city_sunny_city_sunny_8_9_sequence.802_step0.camera.png,augmented_raw_dataset_city_sunny_city_sunny_8_9_sequence.802_step0.camera,0,0.9999690055847168,1779.3653564453125,933.6931762695312,1871.8153076171875,1023.3411254882812
augmented_raw_dataset_city_sunny_city_sunny_8_9_sequence.802_step0.camera.png,augmented_raw_dataset_city_sunny_city_sunny_8_9_sequence.802_step0.camera,1,0.9994545578956604,1362.537353515625,460.2019348144531,1407.36767578125,505.97509765625
augmented_raw_dataset_city_sunny_city_sunny_8_9_sequence.879_step0.camera.png,augmented_raw_dataset_city_sunny_city_sunny_8_9_sequence.879_step0.camera,0,0.9999417066574097,1606.50390625,985.912841796875,1709.9501953125,1030.0914306640625
augmented_raw_dataset_city_sunny_city_sunny_8_9_sequence.879_step0.camera.png,augmented_raw_dataset_city_sunny_city_sunny_8_9_sequence.879_step0.camera,1,0.9997931122779846,1227.30517578125,491.5360107421875,1279.3798828125,542.8099975585938
augmented_raw_dataset_forest_foggy_forest_foggy_8_9_sequence.134_step0.camera.png,augmented_raw_dataset_forest_foggy_forest_foggy_8_9_sequence.134_step0.camera,0,0.9999326467514038,1455.4844970703125,486.3262939453125,1484.1075439453125,536.8707885742188
augmented_raw_dataset_forest_foggy_forest_foggy_8_9_sequence.134_step0.camera.png,augmented_raw_dataset_forest_foggy_forest_foggy_8_9_sequence.134_step0.camera,1,0.999810516834259,1201.2315673828125,291.20416259765625,1249.60400390625,311.1282653808594
augmented_raw_dataset_forest_foggy_forest_foggy_8_9_sequence.146_step0.camera.png,augmented_raw_dataset_forest_foggy_forest_foggy_8_9_sequence.146_step0.camera,0,0.9998955726623535,1470.32373046875,431.28076171875,1526.176513671875,484.4603271484375
augmented_raw_dataset_forest_foggy_forest_foggy_8_9_sequence.146_step0.camera.png,augmented_raw_dataset_forest_foggy_forest_foggy_8_9_sequence.146_step0.camera,1,0.9995637536048889,1104.0517578125,367.069091796875,1151.10888671875,396.1227111816406
augmented_raw_dataset_forest_foggy_forest_foggy_8_9_sequence.152_step0.camera.png,augmented_raw_dataset_forest_foggy_forest_foggy_8_9_sequence.152_step0.camera,0,0.9997331500053406,1558.4747314453125,400.0369567871094,1600.9564208984375,450.4282531738281
augmented_raw_dataset_forest_foggy_forest_foggy_8_9_sequence.152_step0.camera.png,augmented_raw_dataset_forest_foggy_forest_foggy_8_9_sequence.152_step0.camera,1,0.9992997646331787,1040.06982421875,428.203857421875,1087.07470703125,463.7215270996094
augmented_raw_dataset_forest_foggy_forest_foggy_8_9_sequence.169_step0.camera.png,augmented_raw_dataset_forest_foggy_forest_foggy_8_9_sequence.169_step0.camera,0,0.9999361038208008,1755.4200439453125,325.7952575683594,1802.984130859375,380.94012451171875
augmented_raw_dataset_forest_foggy_forest_foggy_8_9_sequence.169_step0.camera.png,augmented_raw_dataset_forest_foggy_forest_foggy_8_9_sequence.169_step0.camera,1,0.9990904331207275,867.26220703125,648.8153686523438,915.1421508789062,701.7223510742188
augmented_raw_dataset_forest_foggy_forest_foggy_8_9_sequence.186_step0.camera.png,augmented_raw_dataset_forest_foggy_forest_foggy_8_9_sequence.186_step0.camera,0,0.9998143315315247,1965.0115966796875,241.63638305664062,2018.260498046875,308.6252746582031
augmented_raw_dataset_forest_foggy_forest_foggy_8_9_sequence.186_step0.camera.png,augmented_raw_dataset_forest_foggy_forest_foggy_8_9_sequence.186_step0.camera,1,0.9996582269668579,626.57568359375,1040.1385498046875,688.7410888671875,1105.512939453125
augmented_raw_dataset_forest_foggy_forest_foggy_8_9_sequence.324_step0.camera.png,augmented_raw_dataset_forest_foggy_forest_foggy_8_9_sequence.324_step0.camera,0,0.9999114274978638,1574.907958984375,599.4482421875,1623.0986328125,656.9584350585938
augmented_raw_dataset_forest_foggy_forest_foggy_8_9_sequence.324_step0.camera.png,augmented_raw_dataset_forest_foggy_forest_foggy_8_9_sequence.324_step0.camera,1,0.9998550415039062,831.296142578125,604.8195190429688,891.9684448242188,634.9937133789062
augmented_raw_dataset_forest_foggy_forest_foggy_8_9_sequence.354_step0.camera.png,augmented_raw_dataset_forest_foggy_forest_foggy_8_9_sequence.354_step0.camera,0,0.999946117401123,610.3829956054688,1061.8143310546875,678.2852172851562,1124.29345703125
augmented_raw_dataset_forest_foggy_forest_foggy_8_9_sequence.354_step0.camera.png,augmented_raw_dataset_forest_foggy_forest_foggy_8_9_sequence.354_step0.camera,1,0.9996633529663086,1518.468994140625,470.33673095703125,1552.109375,523.8135986328125
augmented_raw_dataset_forest_foggy_forest_foggy_8_9_sequence.38_step0.camera.png,augmented_raw_dataset_forest_foggy_forest_foggy_8_9_sequence.38_step0.camera,0,0.9998934268951416,944.3765869140625,469.77044677734375,991.90771484375,496.4736633300781
augmented_raw_dataset_forest_foggy_forest_foggy_8_9_sequence.38_step0.camera.png,augmented_raw_dataset_forest_foggy_forest_foggy_8_9_sequence.38_step0.camera,1,0.9996898174285889,1602.9967041015625,937.0717163085938,1695.14697265625,1025.5224609375
augmented_raw_dataset_forest_foggy_forest_foggy_8_9_sequence.424_step0.camera.png,augmented_raw_dataset_forest_foggy_forest_foggy_8_9_sequence.424_step0.camera,0,0.9999480247497559,1509.525634765625,691.2537231445312,1577.83642578125,742.9510498046875
augmented_raw_dataset_forest_foggy_forest_foggy_8_9_sequence.424_step0.camera.png,augmented_raw_dataset_forest_foggy_forest_foggy_8_9_sequence.424_step0.camera,1,0.9998925924301147,934.4373168945312,488.2113037109375,980.7144775390625,519.6964721679688
augmented_raw_dataset_forest_foggy_forest_foggy_8_9_sequence.460_step0.camera.png,augmented_raw_dataset_forest_foggy_forest_foggy_8_9_sequence.460_step0.camera,0,0.9999039173126221,1506.05419921875,809.4782104492188,1587.339599609375,869.7600708007812
augmented_raw_dataset_forest_foggy_forest_foggy_8_9_sequence.460_step0.camera.png,augmented_raw_dataset_forest_foggy_forest_foggy_8_9_sequence.460_step0.camera,1,0.9996869564056396,899.433837890625,529.4130249023438,948.7964477539062,563.9385375976562
augmented_raw_dataset_forest_foggy_forest_foggy_8_9_sequence.47_step0.camera.png,augmented_raw_dataset_forest_foggy_forest_foggy_8_9_sequence.47_step0.camera,0,0.999954104423523,1693.5584716796875,908.0468139648438,1752.1217041015625,980.2415771484375
augmented_raw_dataset_forest_foggy_forest_foggy_8_9_sequence.47_step0.camera.png,augmented_raw_dataset_forest_foggy_forest_foggy_8_9_sequence.47_step0.camera,1,0.9997324347496033,998.2171020507812,447.10882568359375,1043.99365234375,466.5299072265625
augmented_raw_dataset_forest_foggy_forest_foggy_8_9_sequence.486_step0.camera.png,augmented_raw_dataset_forest_foggy_forest_foggy_8_9_sequence.486_step0.camera,0,0.999955415725708,753.6519775390625,769.44970703125,817.424560546875,816.8964233398438
augmented_raw_dataset_forest_foggy_forest_foggy_8_9_sequence.486_step0.camera.png,augmented_raw_dataset_forest_foggy_forest_foggy_8_9_sequence.486_step0.camera,1,0.999847412109375,1741.6541748046875,634.6656494140625,1795.9150390625,704.4096069335938
augmented_raw_dataset_forest_foggy_forest_foggy_8_9_sequence.499_step0.camera.png,augmented_raw_dataset_forest_foggy_forest_foggy_8_9_sequence.499_step0.camera,0,0.9999842643737793,1850.5482177734375,455.26220703125,1915.7264404296875,521.641357421875
augmented_raw_dataset_forest_foggy_forest_foggy_8_9_sequence.499_step0.camera.png,augmented_raw_dataset_forest_foggy_forest_foggy_8_9_sequence.499_step0.camera,1,0.9998965263366699,660.8533935546875,956.2408447265625,728.94287109375,1000.4078979492188
augmented_raw_dataset_forest_foggy_forest_foggy_8_9_sequence.505_step0.camera.png,augmented_raw_dataset_forest_foggy_forest_foggy_8_9_sequence.505_step0.camera,0,0.9999430179595947,1889.841064453125,389.2660827636719,1955.91162109375,458.6705627441406
augmented_raw_dataset_forest_foggy_forest_foggy_8_9_sequence.505_step0.camera.png,augmented_raw_dataset_forest_foggy_forest_foggy_8_9_sequence.505_step0.camera,1,0.9999294281005859,622.2476196289062,1043.0531005859375,690.144775390625,1098.3800048828125
augmented_raw_dataset_forest_foggy_forest_foggy_8_9_sequence.530_step0.camera.png,augmented_raw_dataset_forest_foggy_forest_foggy_8_9_sequence.530_step0.camera,0,0.9999083280563354,2005.9365234375,287.7677307128906,2053.191162109375,336.8955383300781
augmented_raw_dataset_forest_foggy_forest_foggy_8_9_sequence.530_step0.camera.png,augmented_raw_dataset_forest_foggy_forest_foggy_8_9_sequence.530_step0.camera,1,0.9990938901901245,848.250732421875,745.2985229492188,904.9603271484375,787.66796875
augmented_raw_dataset_forest_foggy_forest_foggy_8_9_sequence.576_step0.camera.png,augmented_raw_dataset_forest_foggy_forest_foggy_8_9_sequence.576_step0.camera,0,0.9998406171798706,1213.100830078125,381.6630554199219,1238.9295654296875,425.4408264160156
augmented_raw_dataset_forest_foggy_forest_foggy_8_9_sequence.576_step0.camera.png,augmented_raw_dataset_forest_foggy_forest_foggy_8_9_sequence.576_step0.camera,1,0.9998401403427124,2012.291748046875,762.1810913085938,2061.386962890625,832.7169189453125
augmented_raw_dataset_forest_foggy_forest_foggy_8_9_sequence.579_step0.camera.png,augmented_raw_dataset_forest_foggy_forest_foggy_8_9_sequence.579_step0.camera,0,0.9997853636741638,1221.7784423828125,352.52142333984375,1251.1903076171875,397.7577209472656
augmented_raw_dataset_forest_foggy_forest_foggy_8_9_sequence.579_step0.camera.png,augmented_raw_dataset_forest_foggy_forest_foggy_8_9_sequence.579_step0.camera,1,0.9996241331100464,2008.1322021484375,761.2842407226562,2056.28369140625,821.1344604492188
augmented_raw_dataset_forest_foggy_forest_foggy_8_9_sequence.589_step0.camera.png,augmented_raw_dataset_forest_foggy_forest_foggy_8_9_sequence.589_step0.camera,0,0.9998586177825928,1283.944091796875,245.77223205566406,1311.39990234375,289.15435791015625
augmented_raw_dataset_forest_foggy_forest_foggy_8_9_sequence.621_step0.camera.png,augmented_raw_dataset_forest_foggy_forest_foggy_8_9_sequence.621_step0.camera,0,0.9998400211334229,2005.905517578125,452.6815185546875,2074.319091796875,479.1316223144531
augmented_raw_dataset_forest_foggy_forest_foggy_8_9_sequence.621_step0.camera.png,augmented_raw_dataset_forest_foggy_forest_foggy_8_9_sequence.621_step0.camera,1,0.9998173117637634,1127.0552978515625,209.99874877929688,1170.747314453125,234.26882934570312
augmented_raw_dataset_forest_foggy_forest_foggy_8_9_sequence.694_step0.camera.png,augmented_raw_dataset_forest_foggy_forest_foggy_8_9_sequence.694_step0.camera,0,0.9999734163284302,1812.9234619140625,447.9684753417969,1883.3240966796875,513.5369262695312
augmented_raw_dataset_forest_foggy_forest_foggy_8_9_sequence.694_step0.camera.png,augmented_raw_dataset_forest_foggy_forest_foggy_8_9_sequence.694_step0.camera,1,0.9998761415481567,793.6929931640625,272.4414367675781,838.1445922851562,296.8960876464844
augmented_raw_dataset_forest_foggy_forest_foggy_8_9_sequence.742_step0.camera.png,augmented_raw_dataset_forest_foggy_forest_foggy_8_9_sequence.742_step0.camera,0,0.9999738931655884,1498.2672119140625,696.01953125,1561.99951171875,755.2111206054688
augmented_raw_dataset_forest_foggy_forest_foggy_8_9_sequence.742_step0.camera.png,augmented_raw_dataset_forest_foggy_forest_foggy_8_9_sequence.742_step0.camera,1,0.9998303651809692,662.1839599609375,692.0431518554688,715.387451171875,742.2890014648438
augmented_raw_dataset_forest_foggy_forest_foggy_8_9_sequence.848_step0.camera.png,augmented_raw_dataset_forest_foggy_forest_foggy_8_9_sequence.848_step0.camera,0,0.9996931552886963,1951.3084716796875,795.549560546875,2021.5330810546875,861.210205078125
augmented_raw_dataset_forest_foggy_forest_foggy_8_9_sequence.848_step0.camera.png,augmented_raw_dataset_forest_foggy_forest_foggy_8_9_sequence.848_step0.camera,1,0.9995324611663818,871.4539184570312,517.8451538085938,915.9639892578125,559.5679931640625
augmented_raw_dataset_forest_foggy_forest_foggy_8_9_sequence.864_step0.camera.png,augmented_raw_dataset_forest_foggy_forest_foggy_8_9_sequence.864_step0.camera,0,0.9999498128890991,1831.452392578125,846.8428955078125,1906.2705078125,918.616943359375
augmented_raw_dataset_forest_foggy_forest_foggy_8_9_sequence.864_step0.camera.png,augmented_raw_dataset_forest_foggy_forest_foggy_8_9_sequence.864_step0.camera,1,0.9999102354049683,985.234130859375,449.5730895996094,1031.9515380859375,475.2838439941406
augmented_raw_dataset_forest_foggy_forest_foggy_8_9_sequence.875_step0.camera.png,augmented_raw_dataset_forest_foggy_forest_foggy_8_9_sequence.875_step0.camera,0,0.9999896287918091,1735.322265625,868.9966430664062,1827.4951171875,967.23193359375
augmented_raw_dataset_forest_foggy_forest_foggy_8_9_sequence.875_step0.camera.png,augmented_raw_dataset_forest_foggy_forest_foggy_8_9_sequence.875_step0.camera,1,0.9996762275695801,1044.2213134765625,428.16815185546875,1092.7103271484375,451.17755126953125
augmented_raw_dataset_forest_sunny_forest_sunny_8_9_sequence.117_step0.camera.png,augmented_raw_dataset_forest_sunny_forest_sunny_8_9_sequence.117_step0.camera,0,0.9997591376304626,790.957763671875,386.8070373535156,832.8250122070312,416.23468017578125
augmented_raw_dataset_forest_sunny_forest_sunny_8_9_sequence.149_step0.camera.png,augmented_raw_dataset_forest_sunny_forest_sunny_8_9_sequence.149_step0.camera,0,0.9999266862869263,917.565673828125,242.49542236328125,937.5647583007812,274.77935791015625
augmented_raw_dataset_forest_sunny_forest_sunny_8_9_sequence.149_step0.camera.png,augmented_raw_dataset_forest_sunny_forest_sunny_8_9_sequence.149_step0.camera,1,0.9996175765991211,2014.7637939453125,620.2473754882812,2074.44921875,661.9903564453125
augmented_raw_dataset_forest_sunny_forest_sunny_8_9_sequence.149_step0.camera.png,augmented_raw_dataset_forest_sunny_forest_sunny_8_9_sequence.149_step0.camera,2,0.999413013458252,2040.0689697265625,621.0001220703125,2088.677734375,663.62890625
augmented_raw_dataset_forest_sunny_forest_sunny_8_9_sequence.168_step0.camera.png,augmented_raw_dataset_forest_sunny_forest_sunny_8_9_sequence.168_step0.camera,0,0.999903678894043,928.9287719726562,343.1392517089844,946.9957885742188,382.5918273925781
augmented_raw_dataset_forest_sunny_forest_sunny_8_9_sequence.280_step0.camera.png,augmented_raw_dataset_forest_sunny_forest_sunny_8_9_sequence.280_step0.camera,0,0.9997802376747131,769.6605834960938,766.3753662109375,833.9752807617188,810.0010375976562
augmented_raw_dataset_forest_sunny_forest_sunny_8_9_sequence.280_step0.camera.png,augmented_raw_dataset_forest_sunny_forest_sunny_8_9_sequence.280_step0.camera,1,0.9994964599609375,1732.560302734375,851.8555297851562,1763.3702392578125,914.27880859375
augmented_raw_dataset_forest_sunny_forest_sunny_8_9_sequence.293_step0.camera.png,augmented_raw_dataset_forest_sunny_forest_sunny_8_9_sequence.293_step0.camera,0,0.9999563694000244,678.6212768554688,835.8203735351562,756.6260375976562,867.574462890625
augmented_raw_dataset_forest_sunny_forest_sunny_8_9_sequence.293_step0.camera.png,augmented_raw_dataset_forest_sunny_forest_sunny_8_9_sequence.293_step0.camera,1,0.9996569156646729,1821.18212890625,935.9271240234375,1881.3780517578125,1025.7215576171875
augmented_raw_dataset_forest_sunny_forest_sunny_8_9_sequence.305_step0.camera.png,augmented_raw_dataset_forest_sunny_forest_sunny_8_9_sequence.305_step0.camera,0,0.9997544884681702,639.2864990234375,871.6774291992188,704.53125,928.80615234375
augmented_raw_dataset_forest_sunny_forest_sunny_8_9_sequence.305_step0.camera.png,augmented_raw_dataset_forest_sunny_forest_sunny_8_9_sequence.305_step0.camera,1,0.9996132254600525,1869.587890625,862.5317993164062,1942.3511962890625,929.6141357421875
augmented_raw_dataset_forest_sunny_forest_sunny_8_9_sequence.366_step0.camera.png,augmented_raw_dataset_forest_sunny_forest_sunny_8_9_sequence.366_step0.camera,0,0.9999105930328369,1696.6380615234375,544.9744262695312,1753.1544189453125,582.9779052734375
augmented_raw_dataset_forest_sunny_forest_sunny_8_9_sequence.366_step0.camera.png,augmented_raw_dataset_forest_sunny_forest_sunny_8_9_sequence.366_step0.camera,1,0.9998961687088013,791.9066162109375,604.2266235351562,847.827880859375,641.0462036132812
augmented_raw_dataset_forest_sunny_forest_sunny_8_9_sequence.437_step0.camera.png,augmented_raw_dataset_forest_sunny_forest_sunny_8_9_sequence.437_step0.camera,0,0.9998973608016968,949.5062255859375,344.6021728515625,968.8296508789062,384.8566589355469
augmented_raw_dataset_forest_sunny_forest_sunny_8_9_sequence.443_step0.camera.png,augmented_raw_dataset_forest_sunny_forest_sunny_8_9_sequence.443_step0.camera,0,0.999229907989502,928.3699951171875,319.07666015625,947.0101318359375,363.5609436035156
augmented_raw_dataset_forest_sunny_forest_sunny_8_9_sequence.460_step0.camera.png,augmented_raw_dataset_forest_sunny_forest_sunny_8_9_sequence.460_step0.camera,0,0.9999666213989258,1534.6214599609375,786.3026733398438,1613.7431640625,849.6031494140625
augmented_raw_dataset_forest_sunny_forest_sunny_8_9_sequence.460_step0.camera.png,augmented_raw_dataset_forest_sunny_forest_sunny_8_9_sequence.460_step0.camera,1,0.9998822212219238,875.1565551757812,259.2676696777344,894.3362426757812,295.9967956542969
augmented_raw_dataset_forest_sunny_forest_sunny_8_9_sequence.506_step0.camera.png,augmented_raw_dataset_forest_sunny_forest_sunny_8_9_sequence.506_step0.camera,0,0.9999656677246094,1547.6484375,782.5185546875,1605.763427734375,838.9000244140625
augmented_raw_dataset_forest_sunny_forest_sunny_8_9_sequence.506_step0.camera.png,augmented_raw_dataset_forest_sunny_forest_sunny_8_9_sequence.506_step0.camera,1,0.999914288520813,909.6026000976562,343.89776611328125,946.6430053710938,375.48040771484375
augmented_raw_dataset_forest_sunny_forest_sunny_8_9_sequence.652_step0.camera.png,augmented_raw_dataset_forest_sunny_forest_sunny_8_9_sequence.652_step0.camera,0,0.9999041557312012,980.1284790039062,416.793701171875,1017.803955078125,449.9125061035156
augmented_raw_dataset_forest_sunny_forest_sunny_8_9_sequence.66_step0.camera.png,augmented_raw_dataset_forest_sunny_forest_sunny_8_9_sequence.66_step0.camera,0,0.9999377727508545,1821.9896240234375,822.68310546875,1901.2244873046875,899.1848754882812
augmented_raw_dataset_forest_sunny_forest_sunny_8_9_sequence.66_step0.camera.png,augmented_raw_dataset_forest_sunny_forest_sunny_8_9_sequence.66_step0.camera,1,0.9998514652252197,724.4896850585938,637.5615844726562,776.0262451171875,686.4359130859375
augmented_raw_dataset_forest_sunny_forest_sunny_8_9_sequence.780_step0.camera.png,augmented_raw_dataset_forest_sunny_forest_sunny_8_9_sequence.780_step0.camera,0,0.9997239708900452,1659.47314453125,777.2108764648438,1707.8651123046875,859.4136962890625
augmented_raw_dataset_forest_sunny_forest_sunny_8_9_sequence.780_step0.camera.png,augmented_raw_dataset_forest_sunny_forest_sunny_8_9_sequence.780_step0.camera,1,0.9996521472930908,657.189208984375,909.6943359375,723.27587890625,943.635009765625
augmented_raw_dataset_forest_sunny_forest_sunny_8_9_sequence.849_step0.camera.png,augmented_raw_dataset_forest_sunny_forest_sunny_8_9_sequence.849_step0.camera,0,0.9999675750732422,1942.0408935546875,345.1302795410156,1996.112548828125,393.9602355957031
augmented_raw_dataset_forest_sunny_forest_sunny_8_9_sequence.849_step0.camera.png,augmented_raw_dataset_forest_sunny_forest_sunny_8_9_sequence.849_step0.camera,1,0.999821126461029,924.2011108398438,525.4027709960938,971.8309936523438,556.421630859375
augmented_raw_dataset_forest_sunny_forest_sunny_8_9_sequence.858_step0.camera.png,augmented_raw_dataset_forest_sunny_forest_sunny_8_9_sequence.858_step0.camera,0,0.9999737739562988,1889.4373779296875,419.9508056640625,1958.50537109375,476.7244567871094
augmented_raw_dataset_forest_sunny_forest_sunny_8_9_sequence.858_step0.camera.png,augmented_raw_dataset_forest_sunny_forest_sunny_8_9_sequence.858_step0.camera,1,0.9996637105941772,916.994384765625,483.03460693359375,952.4005737304688,512.4636840820312
augmented_raw_dataset_lake_foggy_lake_foggy_8_9_sequence.196_step0.camera.png,augmented_raw_dataset_lake_foggy_lake_foggy_8_9_sequence.196_step0.camera,0,0.9999557733535767,1505.2576904296875,385.8777770996094,1553.93115234375,430.64654541015625
augmented_raw_dataset_lake_foggy_lake_foggy_8_9_sequence.196_step0.camera.png,augmented_raw_dataset_lake_foggy_lake_foggy_8_9_sequence.196_step0.camera,1,0.9990136623382568,658.364990234375,655.0606689453125,702.3939208984375,670.3197631835938
augmented_raw_dataset_lake_foggy_lake_foggy_8_9_sequence.1_step0.camera.png,augmented_raw_dataset_lake_foggy_lake_foggy_8_9_sequence.1_step0.camera,0,0.9999628067016602,1523.536865234375,683.7476196289062,1545.055419921875,722.6353759765625
augmented_raw_dataset_lake_foggy_lake_foggy_8_9_sequence.1_step0.camera.png,augmented_raw_dataset_lake_foggy_lake_foggy_8_9_sequence.1_step0.camera,1,0.9998548030853271,1137.951416015625,411.3797912597656,1174.631591796875,448.83416748046875
augmented_raw_dataset_lake_foggy_lake_foggy_8_9_sequence.205_step0.camera.png,augmented_raw_dataset_lake_foggy_lake_foggy_8_9_sequence.205_step0.camera,0,0.9999072551727295,1499.211181640625,304.7106628417969,1558.8592529296875,344.130126953125
augmented_raw_dataset_lake_foggy_lake_foggy_8_9_sequence.205_step0.camera.png,augmented_raw_dataset_lake_foggy_lake_foggy_8_9_sequence.205_step0.camera,1,0.999868631362915,599.2678833007812,681.2989501953125,649.7296142578125,704.1491088867188
augmented_raw_dataset_lake_foggy_lake_foggy_8_9_sequence.28_step0.camera.png,augmented_raw_dataset_lake_foggy_lake_foggy_8_9_sequence.28_step0.camera,0,0.9999345541000366,814.4884643554688,326.3263244628906,869.538818359375,352.89495849609375
augmented_raw_dataset_lake_foggy_lake_foggy_8_9_sequence.28_step0.camera.png,augmented_raw_dataset_lake_foggy_lake_foggy_8_9_sequence.28_step0.camera,1,0.9994459748268127,1638.075439453125,669.9398803710938,1675.4234619140625,717.5706787109375
augmented_raw_dataset_lake_foggy_lake_foggy_8_9_sequence.30_step0.camera.png,augmented_raw_dataset_lake_foggy_lake_foggy_8_9_sequence.30_step0.camera,0,0.9999797344207764,1650.7618408203125,683.9425659179688,1682.986572265625,723.259521484375
augmented_raw_dataset_lake_foggy_lake_foggy_8_9_sequence.30_step0.camera.png,augmented_raw_dataset_lake_foggy_lake_foggy_8_9_sequence.30_step0.camera,1,0.9999549388885498,787.8878173828125,318.2346496582031,845.8557739257812,347.496337890625
augmented_raw_dataset_lake_foggy_lake_foggy_8_9_sequence.331_step0.camera.png,augmented_raw_dataset_lake_foggy_lake_foggy_8_9_sequence.331_step0.camera,0,0.9999821186065674,2025.5023193359375,615.2315673828125,2084.1396484375,661.0650634765625
augmented_raw_dataset_lake_foggy_lake_foggy_8_9_sequence.331_step0.camera.png,augmented_raw_dataset_lake_foggy_lake_foggy_8_9_sequence.331_step0.camera,1,0.9999507665634155,939.1968994140625,554.5137939453125,1002.3692626953125,596.5377807617188
augmented_raw_dataset_lake_foggy_lake_foggy_8_9_sequence.374_step0.camera.png,augmented_raw_dataset_lake_foggy_lake_foggy_8_9_sequence.374_step0.camera,0,0.999914288520813,1190.327880859375,406.7438659667969,1234.24951171875,429.7711181640625
augmented_raw_dataset_lake_foggy_lake_foggy_8_9_sequence.374_step0.camera.png,augmented_raw_dataset_lake_foggy_lake_foggy_8_9_sequence.374_step0.camera,1,0.9996554851531982,1654.0794677734375,673.897216796875,1682.4024658203125,715.8810424804688
augmented_raw_dataset_lake_foggy_lake_foggy_8_9_sequence.377_step0.camera.png,augmented_raw_dataset_lake_foggy_lake_foggy_8_9_sequence.377_step0.camera,0,0.9999656677246094,1177.17041015625,387.74810791015625,1232.576904296875,407.7344055175781
augmented_raw_dataset_lake_foggy_lake_foggy_8_9_sequence.377_step0.camera.png,augmented_raw_dataset_lake_foggy_lake_foggy_8_9_sequence.377_step0.camera,1,0.9998897314071655,1624.575439453125,677.939208984375,1655.5084228515625,711.0897216796875
augmented_raw_dataset_lake_foggy_lake_foggy_8_9_sequence.397_step0.camera.png,augmented_raw_dataset_lake_foggy_lake_foggy_8_9_sequence.397_step0.camera,0,0.999956488609314,1558.131591796875,707.2976684570312,1606.456787109375,749.2000122070312
augmented_raw_dataset_lake_foggy_lake_foggy_8_9_sequence.397_step0.camera.png,augmented_raw_dataset_lake_foggy_lake_foggy_8_9_sequence.397_step0.camera,1,0.9999310970306396,1117.052734375,287.1607971191406,1160.9638671875,320.4576110839844
augmented_raw_dataset_lake_foggy_lake_foggy_8_9_sequence.451_step0.camera.png,augmented_raw_dataset_lake_foggy_lake_foggy_8_9_sequence.451_step0.camera,0,0.9999769926071167,2087.6494140625,960.9383544921875,2123.625244140625,1000.6044921875
augmented_raw_dataset_lake_foggy_lake_foggy_8_9_sequence.451_step0.camera.png,augmented_raw_dataset_lake_foggy_lake_foggy_8_9_sequence.451_step0.camera,1,0.9999409914016724,1020.6881103515625,213.89991760253906,1064.4271240234375,241.17404174804688
augmented_raw_dataset_lake_foggy_lake_foggy_8_9_sequence.460_step0.camera.png,augmented_raw_dataset_lake_foggy_lake_foggy_8_9_sequence.460_step0.camera,0,0.9999399185180664,2193.344970703125,1020.9556884765625,2229.70556640625,1064.841796875
augmented_raw_dataset_lake_foggy_lake_foggy_8_9_sequence.460_step0.camera.png,augmented_raw_dataset_lake_foggy_lake_foggy_8_9_sequence.460_step0.camera,1,0.9999274015426636,1032.1727294921875,188.2293243408203,1073.00732421875,222.11956787109375
augmented_raw_dataset_lake_foggy_lake_foggy_8_9_sequence.479_step0.camera.png,augmented_raw_dataset_lake_foggy_lake_foggy_8_9_sequence.479_step0.camera,0,0.9999648332595825,2340.428466796875,971.7487182617188,2381.25830078125,1027.3814697265625
augmented_raw_dataset_lake_foggy_lake_foggy_8_9_sequence.479_step0.camera.png,augmented_raw_dataset_lake_foggy_lake_foggy_8_9_sequence.479_step0.camera,1,0.9999064207077026,1043.7244873046875,120.069580078125,1080.109375,155.01080322265625
augmented_raw_dataset_lake_foggy_lake_foggy_8_9_sequence.503_step0.camera.png,augmented_raw_dataset_lake_foggy_lake_foggy_8_9_sequence.503_step0.camera,0,0.999996542930603,2281.492919921875,770.6488037109375,2364.47998046875,800.6185913085938
augmented_raw_dataset_lake_foggy_lake_foggy_8_9_sequence.503_step0.camera.png,augmented_raw_dataset_lake_foggy_lake_foggy_8_9_sequence.503_step0.camera,1,0.9997994303703308,1047.015625,123.62386322021484,1089.8131103515625,151.02105712890625
augmented_raw_dataset_lake_foggy_lake_foggy_8_9_sequence.527_step0.camera.png,augmented_raw_dataset_lake_foggy_lake_foggy_8_9_sequence.527_step0.camera,0,0.9999727010726929,2244.51953125,550.439208984375,2331.98388671875,581.5379028320312
augmented_raw_dataset_lake_foggy_lake_foggy_8_9_sequence.527_step0.camera.png,augmented_raw_dataset_lake_foggy_lake_foggy_8_9_sequence.527_step0.camera,1,0.999890923500061,1076.243408203125,226.29173278808594,1107.7711181640625,254.94064331054688
augmented_raw_dataset_lake_foggy_lake_foggy_8_9_sequence.555_step0.camera.png,augmented_raw_dataset_lake_foggy_lake_foggy_8_9_sequence.555_step0.camera,0,0.9999415874481201,2402.56494140625,258.6168212890625,2490.604736328125,293.6720886230469
augmented_raw_dataset_lake_foggy_lake_foggy_8_9_sequence.555_step0.camera.png,augmented_raw_dataset_lake_foggy_lake_foggy_8_9_sequence.555_step0.camera,1,0.9997327923774719,1108.75537109375,281.0173034667969,1146.716552734375,317.4255676269531
augmented_raw_dataset_lake_foggy_lake_foggy_8_9_sequence.56_step0.camera.png,augmented_raw_dataset_lake_foggy_lake_foggy_8_9_sequence.56_step0.camera,0,0.9999741315841675,382.3310852050781,197.2603759765625,458.86138916015625,242.39637756347656
augmented_raw_dataset_lake_foggy_lake_foggy_8_9_sequence.56_step0.camera.png,augmented_raw_dataset_lake_foggy_lake_foggy_8_9_sequence.56_step0.camera,1,0.9996235370635986,1791.697021484375,647.6854858398438,1811.923583984375,694.8385620117188
augmented_raw_dataset_lake_foggy_lake_foggy_8_9_sequence.580_step0.camera.png,augmented_raw_dataset_lake_foggy_lake_foggy_8_9_sequence.580_step0.camera,0,0.9999022483825684,1135.4954833984375,422.79351806640625,1184.52880859375,453.5431213378906
augmented_raw_dataset_lake_foggy_lake_foggy_8_9_sequence.580_step0.camera.png,augmented_raw_dataset_lake_foggy_lake_foggy_8_9_sequence.580_step0.camera,1,0.9996351003646851,2258.9912109375,128.8946533203125,2298.34033203125,194.11648559570312
augmented_raw_dataset_lake_foggy_lake_foggy_8_9_sequence.581_step0.camera.png,augmented_raw_dataset_lake_foggy_lake_foggy_8_9_sequence.581_step0.camera,0,0.9998433589935303,1135.57568359375,423.88116455078125,1184.916259765625,454.93994140625
augmented_raw_dataset_lake_foggy_lake_foggy_8_9_sequence.581_step0.camera.png,augmented_raw_dataset_lake_foggy_lake_foggy_8_9_sequence.581_step0.camera,1,0.9994029998779297,2252.887939453125,137.00567626953125,2288.906982421875,201.48573303222656
augmented_raw_dataset_lake_foggy_lake_foggy_8_9_sequence.654_step0.camera.png,augmented_raw_dataset_lake_foggy_lake_foggy_8_9_sequence.654_step0.camera,0,0.9998075366020203,1858.447265625,221.55624389648438,1904.12841796875,270.46673583984375
augmented_raw_dataset_lake_foggy_lake_foggy_8_9_sequence.654_step0.camera.png,augmented_raw_dataset_lake_foggy_lake_foggy_8_9_sequence.654_step0.camera,1,0.9997090697288513,795.2133178710938,529.30908203125,838.2398681640625,572.2600708007812
augmented_raw_dataset_lake_foggy_lake_foggy_8_9_sequence.668_step0.camera.png,augmented_raw_dataset_lake_foggy_lake_foggy_8_9_sequence.668_step0.camera,0,0.999895453453064,1882.1051025390625,222.46463012695312,1918.409423828125,267.43804931640625
augmented_raw_dataset_lake_foggy_lake_foggy_8_9_sequence.668_step0.camera.png,augmented_raw_dataset_lake_foggy_lake_foggy_8_9_sequence.668_step0.camera,1,0.9997803568840027,830.1638793945312,414.23968505859375,868.5659790039062,453.38861083984375
augmented_raw_dataset_lake_foggy_lake_foggy_8_9_sequence.700_step0.camera.png,augmented_raw_dataset_lake_foggy_lake_foggy_8_9_sequence.700_step0.camera,0,0.9997515082359314,2064.364990234375,150.33132934570312,2105.348876953125,204.57492065429688
augmented_raw_dataset_lake_foggy_lake_foggy_8_9_sequence.700_step0.camera.png,augmented_raw_dataset_lake_foggy_lake_foggy_8_9_sequence.700_step0.camera,1,0.999487042427063,933.4570922851562,179.3682098388672,971.5441284179688,226.36123657226562
augmented_raw_dataset_lake_foggy_lake_foggy_8_9_sequence.717_step0.camera.png,augmented_raw_dataset_lake_foggy_lake_foggy_8_9_sequence.717_step0.camera,0,0.9998051524162292,2182.4814453125,129.0552215576172,2240.3310546875,198.09695434570312
augmented_raw_dataset_lake_foggy_lake_foggy_8_9_sequence.717_step0.camera.png,augmented_raw_dataset_lake_foggy_lake_foggy_8_9_sequence.717_step0.camera,1,0.9997414946556091,982.734130859375,97.42721557617188,1029.443115234375,151.1756134033203
augmented_raw_dataset_lake_foggy_lake_foggy_8_9_sequence.827_step0.camera.png,augmented_raw_dataset_lake_foggy_lake_foggy_8_9_sequence.827_step0.camera,0,0.9999591112136841,193.9352569580078,550.598388671875,287.519775390625,608.5863037109375
augmented_raw_dataset_lake_foggy_lake_foggy_8_9_sequence.827_step0.camera.png,augmented_raw_dataset_lake_foggy_lake_foggy_8_9_sequence.827_step0.camera,1,0.9994400143623352,1931.6123046875,359.530029296875,1988.1231689453125,384.51165771484375
augmented_raw_dataset_lake_foggy_lake_foggy_8_9_sequence.840_step0.camera.png,augmented_raw_dataset_lake_foggy_lake_foggy_8_9_sequence.840_step0.camera,0,0.9999806880950928,264.9482421875,451.3428649902344,348.3692932128906,506.5406799316406
augmented_raw_dataset_lake_foggy_lake_foggy_8_9_sequence.840_step0.camera.png,augmented_raw_dataset_lake_foggy_lake_foggy_8_9_sequence.840_step0.camera,1,0.9998149275779724,1901.8829345703125,293.7691650390625,1958.9447021484375,321.4394836425781
augmented_raw_dataset_lake_foggy_lake_foggy_8_9_sequence.865_step0.camera.png,augmented_raw_dataset_lake_foggy_lake_foggy_8_9_sequence.865_step0.camera,0,0.9999351501464844,305.50164794921875,297.31890869140625,380.4384765625,344.8378601074219
augmented_raw_dataset_lake_foggy_lake_foggy_8_9_sequence.865_step0.camera.png,augmented_raw_dataset_lake_foggy_lake_foggy_8_9_sequence.865_step0.camera,1,0.9998595714569092,1855.032470703125,242.38095092773438,1894.0797119140625,262.66253662109375
augmented_raw_dataset_lake_sunny_lake_sunny_8_9_sequence.125_step0.camera.png,augmented_raw_dataset_lake_sunny_lake_sunny_8_9_sequence.125_step0.camera,0,0.999925971031189,1027.4342041015625,452.4079284667969,1076.6748046875,481.5444641113281
augmented_raw_dataset_lake_sunny_lake_sunny_8_9_sequence.125_step0.camera.png,augmented_raw_dataset_lake_sunny_lake_sunny_8_9_sequence.125_step0.camera,1,0.9999008178710938,1714.329833984375,292.5866394042969,1753.8564453125,341.4241027832031
augmented_raw_dataset_lake_sunny_lake_sunny_8_9_sequence.262_step0.camera.png,augmented_raw_dataset_lake_sunny_lake_sunny_8_9_sequence.262_step0.camera,0,0.9998024106025696,1614.668701171875,704.4411010742188,1660.436279296875,748.4708862304688
augmented_raw_dataset_lake_sunny_lake_sunny_8_9_sequence.262_step0.camera.png,augmented_raw_dataset_lake_sunny_lake_sunny_8_9_sequence.262_step0.camera,1,0.9996629953384399,304.1387939453125,183.3800048828125,381.64068603515625,233.88467407226562
augmented_raw_dataset_lake_sunny_lake_sunny_8_9_sequence.320_step0.camera.png,augmented_raw_dataset_lake_sunny_lake_sunny_8_9_sequence.320_step0.camera,0,0.9999839067459106,666.2806396484375,492.2261962890625,715.6334228515625,515.005859375
augmented_raw_dataset_lake_sunny_lake_sunny_8_9_sequence.320_step0.camera.png,augmented_raw_dataset_lake_sunny_lake_sunny_8_9_sequence.320_step0.camera,1,0.9997345805168152,1847.361572265625,896.9370727539062,1879.03515625,937.8719482421875
augmented_raw_dataset_lake_sunny_lake_sunny_8_9_sequence.334_step0.camera.png,augmented_raw_dataset_lake_sunny_lake_sunny_8_9_sequence.334_step0.camera,0,0.9999357461929321,1937.8253173828125,937.8362426757812,1967.916015625,981.7499389648438
augmented_raw_dataset_lake_sunny_lake_sunny_8_9_sequence.334_step0.camera.png,augmented_raw_dataset_lake_sunny_lake_sunny_8_9_sequence.334_step0.camera,1,0.9998277425765991,731.1575317382812,591.0173950195312,770.1795654296875,610.4442749023438
augmented_raw_dataset_lake_sunny_lake_sunny_8_9_sequence.356_step0.camera.png,augmented_raw_dataset_lake_sunny_lake_sunny_8_9_sequence.356_step0.camera,0,0.9997697472572327,720.4724731445312,656.5523071289062,758.2572021484375,678.6034545898438
augmented_raw_dataset_lake_sunny_lake_sunny_8_9_sequence.356_step0.camera.png,augmented_raw_dataset_lake_sunny_lake_sunny_8_9_sequence.356_step0.camera,1,0.9996044039726257,2201.88818359375,1021.035888671875,2256.72119140625,1085.3211669921875
augmented_raw_dataset_lake_sunny_lake_sunny_8_9_sequence.380_step0.camera.png,augmented_raw_dataset_lake_sunny_lake_sunny_8_9_sequence.380_step0.camera,0,0.999984622001648,2310.38916015625,813.5035400390625,2398.18505859375,885.6057739257812
augmented_raw_dataset_lake_sunny_lake_sunny_8_9_sequence.380_step0.camera.png,augmented_raw_dataset_lake_sunny_lake_sunny_8_9_sequence.380_step0.camera,1,0.9991872906684875,584.489990234375,682.9927368164062,627.484619140625,708.4424438476562
augmented_raw_dataset_lake_sunny_lake_sunny_8_9_sequence.464_step0.camera.png,augmented_raw_dataset_lake_sunny_lake_sunny_8_9_sequence.464_step0.camera,0,0.9996938705444336,419.8937683105469,540.9280395507812,465.75177001953125,569.9470825195312
augmented_raw_dataset_lake_sunny_lake_sunny_8_9_sequence.464_step0.camera.png,augmented_raw_dataset_lake_sunny_lake_sunny_8_9_sequence.464_step0.camera,1,0.9990860223770142,1825.70556640625,51.19388961791992,1860.16748046875,120.81461334228516
augmented_raw_dataset_lake_sunny_lake_sunny_8_9_sequence.468_step0.camera.png,augmented_raw_dataset_lake_sunny_lake_sunny_8_9_sequence.468_step0.camera,0,0.9998134970664978,456.8116455078125,501.50372314453125,503.7749938964844,539.13818359375
augmented_raw_dataset_lake_sunny_lake_sunny_8_9_sequence.468_step0.camera.png,augmented_raw_dataset_lake_sunny_lake_sunny_8_9_sequence.468_step0.camera,1,0.9997468590736389,1782.2158203125,58.76100540161133,1812.06787109375,121.75477600097656
augmented_raw_dataset_lake_sunny_lake_sunny_8_9_sequence.488_step0.camera.png,augmented_raw_dataset_lake_sunny_lake_sunny_8_9_sequence.488_step0.camera,0,0.9998018145561218,599.78662109375,371.29669189453125,640.7427368164062,408.4832763671875
augmented_raw_dataset_lake_sunny_lake_sunny_8_9_sequence.488_step0.camera.png,augmented_raw_dataset_lake_sunny_lake_sunny_8_9_sequence.488_step0.camera,1,0.9996235370635986,1586.80859375,141.139892578125,1610.786865234375,195.1258544921875
augmented_raw_dataset_lake_sunny_lake_sunny_8_9_sequence.531_step0.camera.png,augmented_raw_dataset_lake_sunny_lake_sunny_8_9_sequence.531_step0.camera,0,0.9997616410255432,973.630126953125,115.4808349609375,1007.8133544921875,159.7784881591797
augmented_raw_dataset_lake_sunny_lake_sunny_8_9_sequence.531_step0.camera.png,augmented_raw_dataset_lake_sunny_lake_sunny_8_9_sequence.531_step0.camera,1,0.9993002414703369,1699.749755859375,331.9788513183594,1752.298583984375,371.3961181640625
augmented_raw_dataset_lake_sunny_lake_sunny_8_9_sequence.587_step0.camera.png,augmented_raw_dataset_lake_sunny_lake_sunny_8_9_sequence.587_step0.camera,0,0.9999940395355225,330.4759521484375,754.2311401367188,433.0993957519531,781.9041748046875
augmented_raw_dataset_lake_sunny_lake_sunny_8_9_sequence.587_step0.camera.png,augmented_raw_dataset_lake_sunny_lake_sunny_8_9_sequence.587_step0.camera,1,0.9997053742408752,2009.1884765625,607.5464477539062,2056.93359375,650.4524536132812
augmented_raw_dataset_lake_sunny_lake_sunny_8_9_sequence.647_step0.camera.png,augmented_raw_dataset_lake_sunny_lake_sunny_8_9_sequence.647_step0.camera,0,0.999908447265625,837.7233276367188,264.25457763671875,879.704345703125,289.4302978515625
augmented_raw_dataset_lake_sunny_lake_sunny_8_9_sequence.647_step0.camera.png,augmented_raw_dataset_lake_sunny_lake_sunny_8_9_sequence.647_step0.camera,1,0.9998829364776611,2175.958984375,869.55859375,2239.427001953125,896.0126342773438
augmented_raw_dataset_lake_sunny_lake_sunny_8_9_sequence.674_step0.camera.png,augmented_raw_dataset_lake_sunny_lake_sunny_8_9_sequence.674_step0.camera,0,0.9999446868896484,2200.00048828125,1011.7100830078125,2252.488037109375,1035.3328857421875
augmented_raw_dataset_lake_sunny_lake_sunny_8_9_sequence.674_step0.camera.png,augmented_raw_dataset_lake_sunny_lake_sunny_8_9_sequence.674_step0.camera,1,0.9999444484710693,951.543212890625,129.05747985839844,989.3978271484375,152.4210205078125
augmented_raw_dataset_lake_sunny_lake_sunny_8_9_sequence.686_step0.camera.png,augmented_raw_dataset_lake_sunny_lake_sunny_8_9_sequence.686_step0.camera,0,0.9999178647994995,1006.8158569335938,114.64615631103516,1035.273193359375,134.62721252441406
augmented_raw_dataset_lake_sunny_lake_sunny_8_9_sequence.686_step0.camera.png,augmented_raw_dataset_lake_sunny_lake_sunny_8_9_sequence.686_step0.camera,1,0.999816358089447,2220.0615234375,1066.3189697265625,2281.1650390625,1103.79833984375
augmented_raw_dataset_lake_sunny_lake_sunny_8_9_sequence.75_step0.camera.png,augmented_raw_dataset_lake_sunny_lake_sunny_8_9_sequence.75_step0.camera,0,0.9999092817306519,1025.070556640625,431.3050537109375,1075.2208251953125,461.61700439453125
augmented_raw_dataset_lake_sunny_lake_sunny_8_9_sequence.75_step0.camera.png,augmented_raw_dataset_lake_sunny_lake_sunny_8_9_sequence.75_step0.camera,1,0.999779999256134,1575.4130859375,93.74779510498047,1601.3172607421875,155.5075225830078
augmented_raw_dataset_lake_sunny_lake_sunny_8_9_sequence.781_step0.camera.png,augmented_raw_dataset_lake_sunny_lake_sunny_8_9_sequence.781_step0.camera,0,0.9998462200164795,1925.1612548828125,356.0440979003906,1963.9075927734375,384.9939270019531
augmented_raw_dataset_lake_sunny_lake_sunny_8_9_sequence.781_step0.camera.png,augmented_raw_dataset_lake_sunny_lake_sunny_8_9_sequence.781_step0.camera,1,0.9998260140419006,160.5882568359375,837.9512939453125,258.8006286621094,891.8217163085938
augmented_raw_dataset_lake_sunny_lake_sunny_8_9_sequence.820_step0.camera.png,augmented_raw_dataset_lake_sunny_lake_sunny_8_9_sequence.820_step0.camera,0,0.999930739402771,730.9011840820312,284.69122314453125,779.8341064453125,308.5316467285156
augmented_raw_dataset_lake_sunny_lake_sunny_8_9_sequence.820_step0.camera.png,augmented_raw_dataset_lake_sunny_lake_sunny_8_9_sequence.820_step0.camera,1,0.9998103976249695,1752.0458984375,410.0004577636719,1783.5101318359375,442.5895080566406
augmented_raw_dataset_lake_sunny_lake_sunny_8_9_sequence.861_step0.camera.png,augmented_raw_dataset_lake_sunny_lake_sunny_8_9_sequence.861_step0.camera,0,0.9999511241912842,1541.0069580078125,643.9668579101562,1581.4759521484375,687.0873413085938
augmented_raw_dataset_lake_sunny_lake_sunny_8_9_sequence.861_step0.camera.png,augmented_raw_dataset_lake_sunny_lake_sunny_8_9_sequence.861_step0.camera,1,0.9998138546943665,948.809814453125,105.31721496582031,991.8408203125,135.386962890625
augmented_raw_dataset_lake_sunny_lake_sunny_8_9_sequence.863_step0.camera.png,augmented_raw_dataset_lake_sunny_lake_sunny_8_9_sequence.863_step0.camera,0,0.9994933605194092,1549.2271728515625,637.279541015625,1588.49072265625,682.3388061523438
augmented_raw_dataset_lake_sunny_lake_sunny_8_9_sequence.863_step0.camera.png,augmented_raw_dataset_lake_sunny_lake_sunny_8_9_sequence.863_step0.camera,1,0.9994599223136902,933.6243896484375,104.60051727294922,976.0906982421875,135.9200897216797
augmented_raw_dataset_lake_sunny_lake_sunny_8_9_sequence.879_step0.camera.png,augmented_raw_dataset_lake_sunny_lake_sunny_8_9_sequence.879_step0.camera,0,0.9999468326568604,1576.2623291015625,578.9429931640625,1632.6441650390625,625.1665649414062
augmented_raw_dataset_lake_sunny_lake_sunny_8_9_sequence.879_step0.camera.png,augmented_raw_dataset_lake_sunny_lake_sunny_8_9_sequence.879_step0.camera,1,0.9997124075889587,785.1068725585938,122.70291137695312,831.7275390625,160.76791381835938
raw_dataset_city_foggy_city_foggy_8_9_sequence.125_step0.camera.png,raw_dataset_city_foggy_city_foggy_8_9_sequence.125_step0.camera,0,0.9998974800109863,1238.90087890625,579.6910400390625,1297.0472412109375,617.8908081054688
raw_dataset_city_foggy_city_foggy_8_9_sequence.125_step0.camera.png,raw_dataset_city_foggy_city_foggy_8_9_sequence.125_step0.camera,1,0.9998819828033447,1570.632568359375,427.5091857910156,1600.892333984375,451.9468994140625
raw_dataset_city_foggy_city_foggy_8_9_sequence.170_step0.camera.png,raw_dataset_city_foggy_city_foggy_8_9_sequence.170_step0.camera,0,0.9999634027481079,1229.6123046875,491.63238525390625,1273.5999755859375,518.1597290039062
raw_dataset_city_foggy_city_foggy_8_9_sequence.170_step0.camera.png,raw_dataset_city_foggy_city_foggy_8_9_sequence.170_step0.camera,1,0.9999620914459229,1536.7176513671875,802.35400390625,1606.2794189453125,863.598876953125
raw_dataset_city_foggy_city_foggy_8_9_sequence.184_step0.camera.png,raw_dataset_city_foggy_city_foggy_8_9_sequence.184_step0.camera,0,0.999995231628418,1409.8560791015625,1135.7916259765625,1499.5997314453125,1233.346435546875
raw_dataset_city_foggy_city_foggy_8_9_sequence.184_step0.camera.png,raw_dataset_city_foggy_city_foggy_8_9_sequence.184_step0.camera,1,0.9999721050262451,1264.331787109375,453.07476806640625,1294.09228515625,479.8883361816406
raw_dataset_city_foggy_city_foggy_8_9_sequence.210_step0.camera.png,raw_dataset_city_foggy_city_foggy_8_9_sequence.210_step0.camera,0,0.9999520778656006,1482.829345703125,700.6260375976562,1530.439697265625,753.294677734375
raw_dataset_city_foggy_city_foggy_8_9_sequence.210_step0.camera.png,raw_dataset_city_foggy_city_foggy_8_9_sequence.210_step0.camera,1,0.9999305009841919,1286.1793212890625,427.59747314453125,1333.067138671875,454.5967102050781
raw_dataset_city_foggy_city_foggy_8_9_sequence.224_step0.camera.png,raw_dataset_city_foggy_city_foggy_8_9_sequence.224_step0.camera,0,0.999901533126831,1259.131103515625,463.4802551269531,1312.59912109375,483.3198547363281
raw_dataset_city_foggy_city_foggy_8_9_sequence.224_step0.camera.png,raw_dataset_city_foggy_city_foggy_8_9_sequence.224_step0.camera,1,0.9998656511306763,1528.3779296875,528.2069702148438,1579.6783447265625,578.6572265625
raw_dataset_city_foggy_city_foggy_8_9_sequence.285_step0.camera.png,raw_dataset_city_foggy_city_foggy_8_9_sequence.285_step0.camera,0,0.9999520778656006,1589.4971923828125,508.261474609375,1632.140625,545.1102294921875
raw_dataset_city_foggy_city_foggy_8_9_sequence.285_step0.camera.png,raw_dataset_city_foggy_city_foggy_8_9_sequence.285_step0.camera,1,0.9998311996459961,1155.512451171875,611.9922485351562,1241.205322265625,642.0869140625
raw_dataset_city_foggy_city_foggy_8_9_sequence.307_step0.camera.png,raw_dataset_city_foggy_city_foggy_8_9_sequence.307_step0.camera,0,0.9999475479125977,1680.4913330078125,748.6679077148438,1759.7601318359375,822.21533203125
raw_dataset_city_foggy_city_foggy_8_9_sequence.307_step0.camera.png,raw_dataset_city_foggy_city_foggy_8_9_sequence.307_step0.camera,1,0.9999256134033203,1077.451171875,860.7957153320312,1206.55078125,907.1837768554688
raw_dataset_city_foggy_city_foggy_8_9_sequence.317_step0.camera.png,raw_dataset_city_foggy_city_foggy_8_9_sequence.317_step0.camera,0,0.9999730587005615,1067.3662109375,947.7647705078125,1182.7735595703125,1008.7972412109375
raw_dataset_city_foggy_city_foggy_8_9_sequence.317_step0.camera.png,raw_dataset_city_foggy_city_foggy_8_9_sequence.317_step0.camera,1,0.9999605417251587,1701.0947265625,759.8342895507812,1767.7813720703125,813.0736694335938
raw_dataset_city_foggy_city_foggy_8_9_sequence.350_step0.camera.png,raw_dataset_city_foggy_city_foggy_8_9_sequence.350_step0.camera,0,0.9999738931655884,1557.6475830078125,417.0928039550781,1586.0740966796875,445.1081237792969
raw_dataset_city_foggy_city_foggy_8_9_sequence.350_step0.camera.png,raw_dataset_city_foggy_city_foggy_8_9_sequence.350_step0.camera,1,0.9999245405197144,1166.508056640625,647.0892944335938,1254.8203125,677.7402954101562
raw_dataset_city_foggy_city_foggy_8_9_sequence.445_step0.camera.png,raw_dataset_city_foggy_city_foggy_8_9_sequence.445_step0.camera,0,0.9999774694442749,1518.50537109375,1199.2501220703125,1648.6353759765625,1358.996826171875
raw_dataset_city_foggy_city_foggy_8_9_sequence.445_step0.camera.png,raw_dataset_city_foggy_city_foggy_8_9_sequence.445_step0.camera,1,0.9999170303344727,1176.317626953125,653.7445678710938,1288.2255859375,720.2800903320312
raw_dataset_city_foggy_city_foggy_8_9_sequence.445_step0.camera.png,raw_dataset_city_foggy_city_foggy_8_9_sequence.445_step0.camera,2,0.9997151494026184,1162.988037109375,633.7596435546875,1253.9903564453125,739.9588012695312
raw_dataset_city_foggy_city_foggy_8_9_sequence.460_step0.camera.png,raw_dataset_city_foggy_city_foggy_8_9_sequence.460_step0.camera,0,0.9999591112136841,1300.8671875,894.2811279296875,1408.73486328125,1004.6674194335938
raw_dataset_city_foggy_city_foggy_8_9_sequence.460_step0.camera.png,raw_dataset_city_foggy_city_foggy_8_9_sequence.460_step0.camera,1,0.9996215105056763,1641.9622802734375,1054.9136962890625,1702.8021240234375,1173.303955078125
raw_dataset_city_foggy_city_foggy_8_9_sequence.46_step0.camera.png,raw_dataset_city_foggy_city_foggy_8_9_sequence.46_step0.camera,0,0.9999150037765503,1598.9771728515625,704.89013671875,1652.0604248046875,755.67724609375
raw_dataset_city_foggy_city_foggy_8_9_sequence.46_step0.camera.png,raw_dataset_city_foggy_city_foggy_8_9_sequence.46_step0.camera,1,0.9998302459716797,1332.8741455078125,502.21466064453125,1383.10693359375,548.2706298828125
raw_dataset_city_foggy_city_foggy_8_9_sequence.527_step0.camera.png,raw_dataset_city_foggy_city_foggy_8_9_sequence.527_step0.camera,0,0.9999715089797974,1530.551513671875,784.8041381835938,1581.5960693359375,844.646484375
raw_dataset_city_foggy_city_foggy_8_9_sequence.527_step0.camera.png,raw_dataset_city_foggy_city_foggy_8_9_sequence.527_step0.camera,1,0.9998173117637634,1295.578369140625,464.79931640625,1340.835205078125,482.84375
raw_dataset_city_foggy_city_foggy_8_9_sequence.527_step0.camera.png,raw_dataset_city_foggy_city_foggy_8_9_sequence.527_step0.camera,2,0.9990377426147461,1534.4102783203125,774.8526000976562,1599.0552978515625,832.8140258789062
raw_dataset_city_foggy_city_foggy_8_9_sequence.529_step0.camera.png,raw_dataset_city_foggy_city_foggy_8_9_sequence.529_step0.camera,0,0.9999649524688721,1545.629150390625,779.1195068359375,1601.3184814453125,836.4370727539062
raw_dataset_city_foggy_city_foggy_8_9_sequence.529_step0.camera.png,raw_dataset_city_foggy_city_foggy_8_9_sequence.529_step0.camera,1,0.9998799562454224,1291.9354248046875,464.5068359375,1336.13134765625,483.45672607421875
raw_dataset_city_foggy_city_foggy_8_9_sequence.627_step0.camera.png,raw_dataset_city_foggy_city_foggy_8_9_sequence.627_step0.camera,0,0.99998939037323,1557.7464599609375,408.0605163574219,1589.0263671875,429.07135009765625
raw_dataset_city_foggy_city_foggy_8_9_sequence.627_step0.camera.png,raw_dataset_city_foggy_city_foggy_8_9_sequence.627_step0.camera,1,0.9999563694000244,1182.9168701171875,619.8663330078125,1270.3505859375,653.043212890625
raw_dataset_city_foggy_city_foggy_8_9_sequence.677_step0.camera.png,raw_dataset_city_foggy_city_foggy_8_9_sequence.677_step0.camera,0,0.9999964237213135,1729.316162109375,864.68212890625,1835.74365234375,967.1864624023438
raw_dataset_city_foggy_city_foggy_8_9_sequence.677_step0.camera.png,raw_dataset_city_foggy_city_foggy_8_9_sequence.677_step0.camera,1,0.9995136260986328,1288.216064453125,561.0979614257812,1330.6593017578125,607.1867065429688
raw_dataset_city_foggy_city_foggy_8_9_sequence.731_step0.camera.png,raw_dataset_city_foggy_city_foggy_8_9_sequence.731_step0.camera,0,0.9999659061431885,1391.62060546875,479.14617919921875,1422.75830078125,523.7371826171875
raw_dataset_city_foggy_city_foggy_8_9_sequence.731_step0.camera.png,raw_dataset_city_foggy_city_foggy_8_9_sequence.731_step0.camera,1,0.9999479055404663,1443.351318359375,1266.523681640625,1490.934326171875,1383.760498046875
raw_dataset_city_foggy_city_foggy_8_9_sequence.733_step0.camera.png,raw_dataset_city_foggy_city_foggy_8_9_sequence.733_step0.camera,0,0.9999337196350098,1387.9791259765625,471.4111022949219,1424.19677734375,517.9535522460938
raw_dataset_city_foggy_city_foggy_8_9_sequence.733_step0.camera.png,raw_dataset_city_foggy_city_foggy_8_9_sequence.733_step0.camera,1,0.9997840523719788,1438.621337890625,1288.614990234375,1488.3311767578125,1394.55859375
raw_dataset_city_foggy_city_foggy_8_9_sequence.76_step0.camera.png,raw_dataset_city_foggy_city_foggy_8_9_sequence.76_step0.camera,0,0.9999955892562866,1737.386474609375,865.3056640625,1834.892333984375,966.7747192382812
raw_dataset_city_foggy_city_foggy_8_9_sequence.76_step0.camera.png,raw_dataset_city_foggy_city_foggy_8_9_sequence.76_step0.camera,1,0.9999136924743652,1347.249267578125,499.1242980957031,1382.047607421875,531.0559692382812
raw_dataset_city_foggy_city_foggy_8_9_sequence.76_step0.camera.png,raw_dataset_city_foggy_city_foggy_8_9_sequence.76_step0.camera,2,0.9995450377464294,1744.142822265625,865.3642578125,1832.1466064453125,911.5598754882812
raw_dataset_city_foggy_city_foggy_8_9_sequence.791_step0.camera.png,raw_dataset_city_foggy_city_foggy_8_9_sequence.791_step0.camera,0,0.9999293088912964,1722.326416015625,949.3643188476562,1810.048828125,1019.1759033203125
raw_dataset_city_foggy_city_foggy_8_9_sequence.791_step0.camera.png,raw_dataset_city_foggy_city_foggy_8_9_sequence.791_step0.camera,1,0.9998247027397156,1334.532958984375,441.0615539550781,1381.769287109375,479.6485290527344
raw_dataset_city_foggy_city_foggy_8_9_sequence.7_step0.camera.png,raw_dataset_city_foggy_city_foggy_8_9_sequence.7_step0.camera,0,0.9999877214431763,1528.5460205078125,837.091064453125,1569.454833984375,883.0189208984375
raw_dataset_city_foggy_city_foggy_8_9_sequence.7_step0.camera.png,raw_dataset_city_foggy_city_foggy_8_9_sequence.7_step0.camera,1,0.999474823474884,1504.777587890625,846.8720703125,1565.298828125,882.0043334960938
raw_dataset_city_foggy_city_foggy_8_9_sequence.7_step0.camera.png,raw_dataset_city_foggy_city_foggy_8_9_sequence.7_step0.camera,2,0.9994052648544312,1114.981201171875,579.2612915039062,1184.89697265625,608.7192993164062
raw_dataset_city_foggy_city_foggy_8_9_sequence.870_step0.camera.png,raw_dataset_city_foggy_city_foggy_8_9_sequence.870_step0.camera,0,0.9999386072158813,1551.25927734375,443.254150390625,1585.846435546875,479.7041931152344
raw_dataset_city_foggy_city_foggy_8_9_sequence.870_step0.camera.png,raw_dataset_city_foggy_city_foggy_8_9_sequence.870_step0.camera,1,0.9999347925186157,1197.824951171875,747.6844482421875,1285.6083984375,800.3945922851562
raw_dataset_city_foggy_city_foggy_8_9_sequence.888_step0.camera.png,raw_dataset_city_foggy_city_foggy_8_9_sequence.888_step0.camera,0,0.9999709129333496,1537.009765625,441.9518737792969,1565.901611328125,468.1197509765625
raw_dataset_city_foggy_city_foggy_8_9_sequence.888_step0.camera.png,raw_dataset_city_foggy_city_foggy_8_9_sequence.888_step0.camera,1,0.9998925924301147,1177.533447265625,531.1245727539062,1241.6341552734375,573.2872314453125
raw_dataset_city_foggy_city_foggy_8_9_sequence.8_step0.camera.png,raw_dataset_city_foggy_city_foggy_8_9_sequence.8_step0.camera,0,0.9999872446060181,1527.5596923828125,835.01220703125,1569.2249755859375,881.3536987304688
raw_dataset_city_foggy_city_foggy_8_9_sequence.8_step0.camera.png,raw_dataset_city_foggy_city_foggy_8_9_sequence.8_step0.camera,1,0.9996795654296875,1505.435791015625,844.3156127929688,1564.7548828125,880.2896728515625
raw_dataset_city_foggy_city_foggy_8_9_sequence.8_step0.camera.png,raw_dataset_city_foggy_city_foggy_8_9_sequence.8_step0.camera,2,0.9996046423912048,1114.92626953125,572.4723510742188,1184.1510009765625,604.886474609375
raw_dataset_city_sunny_city_sunny_8_9_sequence.10_step0.camera.png,raw_dataset_city_sunny_city_sunny_8_9_sequence.10_step0.camera,0,0.9999768733978271,1545.380859375,858.1636352539062,1606.01220703125,907.8533935546875
raw_dataset_city_sunny_city_sunny_8_9_sequence.10_step0.camera.png,raw_dataset_city_sunny_city_sunny_8_9_sequence.10_step0.camera,1,0.9998786449432373,1338.5301513671875,456.7220153808594,1385.279052734375,478.7771301269531
raw_dataset_city_sunny_city_sunny_8_9_sequence.173_step0.camera.png,raw_dataset_city_sunny_city_sunny_8_9_sequence.173_step0.camera,0,0.9999384880065918,1302.8388671875,494.53057861328125,1338.9842529296875,535.9218139648438
raw_dataset_city_sunny_city_sunny_8_9_sequence.173_step0.camera.png,raw_dataset_city_sunny_city_sunny_8_9_sequence.173_step0.camera,1,0.9997257590293884,1691.54052734375,579.92431640625,1754.8309326171875,641.3560791015625
raw_dataset_city_sunny_city_sunny_8_9_sequence.204_step0.camera.png,raw_dataset_city_sunny_city_sunny_8_9_sequence.204_step0.camera,0,0.9999558925628662,1361.330078125,481.9624938964844,1407.1312255859375,524.9166870117188
raw_dataset_city_sunny_city_sunny_8_9_sequence.204_step0.camera.png,raw_dataset_city_sunny_city_sunny_8_9_sequence.204_step0.camera,1,0.999937891960144,1570.682373046875,410.9415283203125,1607.43017578125,445.9856262207031
raw_dataset_city_sunny_city_sunny_8_9_sequence.214_step0.camera.png,raw_dataset_city_sunny_city_sunny_8_9_sequence.214_step0.camera,0,0.9999232292175293,1547.3944091796875,410.3103332519531,1578.736572265625,439.4744873046875
raw_dataset_city_sunny_city_sunny_8_9_sequence.214_step0.camera.png,raw_dataset_city_sunny_city_sunny_8_9_sequence.214_step0.camera,1,0.9998388290405273,1317.8082275390625,500.6181335449219,1366.56494140625,541.0050048828125
raw_dataset_city_sunny_city_sunny_8_9_sequence.318_step0.camera.png,raw_dataset_city_sunny_city_sunny_8_9_sequence.318_step0.camera,0,0.9997478127479553,1594.7418212890625,823.6549682617188,1653.207763671875,862.3538208007812
raw_dataset_city_sunny_city_sunny_8_9_sequence.318_step0.camera.png,raw_dataset_city_sunny_city_sunny_8_9_sequence.318_step0.camera,1,0.9993958473205566,1311.6005859375,607.516845703125,1392.9278564453125,648.9301147460938
raw_dataset_city_sunny_city_sunny_8_9_sequence.384_step0.camera.png,raw_dataset_city_sunny_city_sunny_8_9_sequence.384_step0.camera,0,0.9999648332595825,1555.5103759765625,412.03143310546875,1584.3565673828125,438.65155029296875
raw_dataset_city_sunny_city_sunny_8_9_sequence.384_step0.camera.png,raw_dataset_city_sunny_city_sunny_8_9_sequence.384_step0.camera,1,0.9998519420623779,1316.55810546875,546.7356567382812,1361.1522216796875,569.9664916992188
raw_dataset_city_sunny_city_sunny_8_9_sequence.491_step0.camera.png,raw_dataset_city_sunny_city_sunny_8_9_sequence.491_step0.camera,0,0.9999737739562988,1665.072509765625,837.9059448242188,1725.2027587890625,907.8389282226562
raw_dataset_city_sunny_city_sunny_8_9_sequence.491_step0.camera.png,raw_dataset_city_sunny_city_sunny_8_9_sequence.491_step0.camera,1,0.9998903274536133,1055.704345703125,963.3423461914062,1185.99853515625,1058.6112060546875
raw_dataset_city_sunny_city_sunny_8_9_sequence.496_step0.camera.png,raw_dataset_city_sunny_city_sunny_8_9_sequence.496_step0.camera,0,0.999991774559021,1161.841064453125,835.6873168945312,1277.16748046875,963.4675903320312
raw_dataset_city_sunny_city_sunny_8_9_sequence.496_step0.camera.png,raw_dataset_city_sunny_city_sunny_8_9_sequence.496_step0.camera,1,0.9998461008071899,1654.91943359375,806.2527465820312,1713.5552978515625,865.8372192382812
raw_dataset_city_sunny_city_sunny_8_9_sequence.560_step0.camera.png,raw_dataset_city_sunny_city_sunny_8_9_sequence.560_step0.camera,0,0.9999575614929199,1316.65673828125,423.4905090332031,1358.4051513671875,445.7891540527344
raw_dataset_city_sunny_city_sunny_8_9_sequence.560_step0.camera.png,raw_dataset_city_sunny_city_sunny_8_9_sequence.560_step0.camera,1,0.9998123049736023,1570.73291015625,675.9763793945312,1612.1943359375,704.1536254882812
raw_dataset_city_sunny_city_sunny_8_9_sequence.562_step0.camera.png,raw_dataset_city_sunny_city_sunny_8_9_sequence.562_step0.camera,0,0.9999716281890869,1317.455322265625,425.6251220703125,1362.8907470703125,453.2079162597656
raw_dataset_city_sunny_city_sunny_8_9_sequence.562_step0.camera.png,raw_dataset_city_sunny_city_sunny_8_9_sequence.562_step0.camera,1,0.9999421834945679,1566.7724609375,662.2236938476562,1607.883544921875,689.4252319335938
raw_dataset_city_sunny_city_sunny_8_9_sequence.565_step0.camera.png,raw_dataset_city_sunny_city_sunny_8_9_sequence.565_step0.camera,0,0.9999244213104248,1322.132080078125,429.1331787109375,1364.388916015625,461.5899658203125
raw_dataset_city_sunny_city_sunny_8_9_sequence.565_step0.camera.png,raw_dataset_city_sunny_city_sunny_8_9_sequence.565_step0.camera,1,0.9997288584709167,1559.478271484375,652.39306640625,1602.1851806640625,676.8394165039062
raw_dataset_city_sunny_city_sunny_8_9_sequence.599_step0.camera.png,raw_dataset_city_sunny_city_sunny_8_9_sequence.599_step0.camera,0,0.9999456405639648,1507.833740234375,419.1864318847656,1540.0816650390625,448.38519287109375
raw_dataset_city_sunny_city_sunny_8_9_sequence.599_step0.camera.png,raw_dataset_city_sunny_city_sunny_8_9_sequence.599_step0.camera,1,0.9998769760131836,1390.2637939453125,488.0701599121094,1435.819580078125,528.3165283203125
raw_dataset_city_sunny_city_sunny_8_9_sequence.607_step0.camera.png,raw_dataset_city_sunny_city_sunny_8_9_sequence.607_step0.camera,0,0.9998157620429993,1365.9779052734375,516.9832763671875,1423.024169921875,564.1806030273438
raw_dataset_city_sunny_city_sunny_8_9_sequence.607_step0.camera.png,raw_dataset_city_sunny_city_sunny_8_9_sequence.607_step0.camera,1,0.9994551539421082,1528.34521484375,380.48773193359375,1554.4615478515625,415.8843078613281
raw_dataset_city_sunny_city_sunny_8_9_sequence.785_step0.camera.png,raw_dataset_city_sunny_city_sunny_8_9_sequence.785_step0.camera,0,0.9999935626983643,1692.83447265625,827.3883666992188,1786.3201904296875,931.6693725585938
raw_dataset_city_sunny_city_sunny_8_9_sequence.785_step0.camera.png,raw_dataset_city_sunny_city_sunny_8_9_sequence.785_step0.camera,1,0.9998281002044678,1399.627685546875,462.5464782714844,1447.5067138671875,498.6120910644531
raw_dataset_city_sunny_city_sunny_8_9_sequence.893_step0.camera.png,raw_dataset_city_sunny_city_sunny_8_9_sequence.893_step0.camera,0,0.9999855756759644,1670.381103515625,887.3314208984375,1750.1669921875,947.6296997070312
raw_dataset_city_sunny_city_sunny_8_9_sequence.893_step0.camera.png,raw_dataset_city_sunny_city_sunny_8_9_sequence.893_step0.camera,1,0.9997239708900452,1197.256591796875,539.6383056640625,1248.22900390625,578.4989013671875
raw_dataset_forest_foggy_forest_foggy_8_9_sequence.118_step0.camera.png,raw_dataset_forest_foggy_forest_foggy_8_9_sequence.118_step0.camera,0,0.99996018409729,1616.0350341796875,576.1390380859375,1654.5079345703125,623.7134399414062
raw_dataset_forest_foggy_forest_foggy_8_9_sequence.118_step0.camera.png,raw_dataset_forest_foggy_forest_foggy_8_9_sequence.118_step0.camera,1,0.9999347925186157,1291.26611328125,239.1512908935547,1337.114501953125,275.43402099609375
raw_dataset_forest_foggy_forest_foggy_8_9_sequence.144_step0.camera.png,raw_dataset_forest_foggy_forest_foggy_8_9_sequence.144_step0.camera,0,0.9998631477355957,1118.9481201171875,352.3543701171875,1164.9027099609375,382.2041320800781
raw_dataset_forest_foggy_forest_foggy_8_9_sequence.144_step0.camera.png,raw_dataset_forest_foggy_forest_foggy_8_9_sequence.144_step0.camera,1,0.9998008608818054,1455.5712890625,439.98870849609375,1506.5716552734375,492.57623291015625
raw_dataset_forest_foggy_forest_foggy_8_9_sequence.193_step0.camera.png,raw_dataset_forest_foggy_forest_foggy_8_9_sequence.193_step0.camera,0,0.9997405409812927,712.1263427734375,1030.52490234375,758.82275390625,1083.005859375
raw_dataset_forest_foggy_forest_foggy_8_9_sequence.193_step0.camera.png,raw_dataset_forest_foggy_forest_foggy_8_9_sequence.193_step0.camera,1,0.9997373223304749,2014.099365234375,253.9071807861328,2074.804931640625,310.8579406738281
raw_dataset_forest_foggy_forest_foggy_8_9_sequence.197_step0.camera.png,raw_dataset_forest_foggy_forest_foggy_8_9_sequence.197_step0.camera,0,0.999886155128479,2030.515869140625,284.4578857421875,2095.615478515625,329.1819763183594
raw_dataset_forest_foggy_forest_foggy_8_9_sequence.197_step0.camera.png,raw_dataset_forest_foggy_forest_foggy_8_9_sequence.197_step0.camera,1,0.9997318387031555,732.138671875,957.9463500976562,781.4443969726562,1007.0171508789062
raw_dataset_forest_foggy_forest_foggy_8_9_sequence.215_step0.camera.png,raw_dataset_forest_foggy_forest_foggy_8_9_sequence.215_step0.camera,0,0.9999129772186279,749.6650390625,753.3558349609375,817.760498046875,795.4388427734375
raw_dataset_forest_foggy_forest_foggy_8_9_sequence.215_step0.camera.png,raw_dataset_forest_foggy_forest_foggy_8_9_sequence.215_step0.camera,1,0.9998887777328491,2002.8148193359375,407.21246337890625,2062.459228515625,430.42718505859375
raw_dataset_forest_foggy_forest_foggy_8_9_sequence.230_step0.camera.png,raw_dataset_forest_foggy_forest_foggy_8_9_sequence.230_step0.camera,0,0.9998248219490051,774.2395629882812,665.7164916992188,831.8755493164062,709.3209228515625
raw_dataset_forest_foggy_forest_foggy_8_9_sequence.230_step0.camera.png,raw_dataset_forest_foggy_forest_foggy_8_9_sequence.230_step0.camera,1,0.9997808337211609,1968.1934814453125,509.3915710449219,2026.3084716796875,540.1499633789062
raw_dataset_forest_foggy_forest_foggy_8_9_sequence.317_step0.camera.png,raw_dataset_forest_foggy_forest_foggy_8_9_sequence.317_step0.camera,0,0.9999377727508545,874.1301879882812,554.0612182617188,931.4364013671875,574.295166015625
raw_dataset_forest_foggy_forest_foggy_8_9_sequence.317_step0.camera.png,raw_dataset_forest_foggy_forest_foggy_8_9_sequence.317_step0.camera,1,0.9996069073677063,1640.9755859375,646.363525390625,1672.26953125,692.4847412109375
raw_dataset_forest_foggy_forest_foggy_8_9_sequence.32_step0.camera.png,raw_dataset_forest_foggy_forest_foggy_8_9_sequence.32_step0.camera,0,0.9999105930328369,1636.010498046875,933.2294311523438,1708.4677734375,1008.2715454101562
raw_dataset_forest_foggy_forest_foggy_8_9_sequence.32_step0.camera.png,raw_dataset_forest_foggy_forest_foggy_8_9_sequence.32_step0.camera,1,0.9998693466186523,901.92333984375,496.3046569824219,949.456298828125,523.4713745117188
raw_dataset_forest_foggy_forest_foggy_8_9_sequence.392_step0.camera.png,raw_dataset_forest_foggy_forest_foggy_8_9_sequence.392_step0.camera,0,0.999754011631012,807.7236938476562,766.1849975585938,862.2695922851562,809.5216064453125
raw_dataset_forest_foggy_forest_foggy_8_9_sequence.427_step0.camera.png,raw_dataset_forest_foggy_forest_foggy_8_9_sequence.427_step0.camera,0,0.9999462366104126,1502.40625,707.6585083007812,1575.149169921875,758.6401977539062
raw_dataset_forest_foggy_forest_foggy_8_9_sequence.427_step0.camera.png,raw_dataset_forest_foggy_forest_foggy_8_9_sequence.427_step0.camera,1,0.999919056892395,947.3656005859375,466.7051696777344,990.55419921875,494.92913818359375
raw_dataset_forest_foggy_forest_foggy_8_9_sequence.468_step0.camera.png,raw_dataset_forest_foggy_forest_foggy_8_9_sequence.468_step0.camera,0,0.9999661445617676,1551.61279296875,853.305419921875,1635.34326171875,908.7843627929688
raw_dataset_forest_foggy_forest_foggy_8_9_sequence.468_step0.camera.png,raw_dataset_forest_foggy_forest_foggy_8_9_sequence.468_step0.camera,1,0.999927282333374,853.642822265625,599.771484375,906.1255493164062,634.8563842773438
raw_dataset_forest_foggy_forest_foggy_8_9_sequence.541_step0.camera.png,raw_dataset_forest_foggy_forest_foggy_8_9_sequence.541_step0.camera,0,0.9996016621589661,949.6170654296875,643.7140502929688,996.457763671875,694.1677856445312
raw_dataset_forest_foggy_forest_foggy_8_9_sequence.579_step0.camera.png,raw_dataset_forest_foggy_forest_foggy_8_9_sequence.579_step0.camera,0,0.9997548460960388,2009.63427734375,760.8526611328125,2056.516845703125,821.5899047851562
raw_dataset_forest_foggy_forest_foggy_8_9_sequence.579_step0.camera.png,raw_dataset_forest_foggy_forest_foggy_8_9_sequence.579_step0.camera,1,0.9997380375862122,1221.5064697265625,351.77301025390625,1251.4287109375,397.20928955078125
raw_dataset_forest_foggy_forest_foggy_8_9_sequence.588_step0.camera.png,raw_dataset_forest_foggy_forest_foggy_8_9_sequence.588_step0.camera,0,0.9998888969421387,1275.2117919921875,260.13897705078125,1302.4163818359375,304.087890625
raw_dataset_forest_foggy_forest_foggy_8_9_sequence.607_step0.camera.png,raw_dataset_forest_foggy_forest_foggy_8_9_sequence.607_step0.camera,0,0.9998087286949158,1215.016357421875,186.07025146484375,1254.7578125,209.9040985107422
raw_dataset_forest_foggy_forest_foggy_8_9_sequence.641_step0.camera.png,raw_dataset_forest_foggy_forest_foggy_8_9_sequence.641_step0.camera,0,0.9998992681503296,1993.97705078125,355.7788391113281,2051.474365234375,390.4968566894531
raw_dataset_forest_foggy_forest_foggy_8_9_sequence.641_step0.camera.png,raw_dataset_forest_foggy_forest_foggy_8_9_sequence.641_step0.camera,1,0.9998202919960022,1005.4141235351562,242.81431579589844,1045.677978515625,269.4832458496094
raw_dataset_forest_foggy_forest_foggy_8_9_sequence.661_step0.camera.png,raw_dataset_forest_foggy_forest_foggy_8_9_sequence.661_step0.camera,0,0.9999779462814331,887.1610107421875,189.27757263183594,927.1512451171875,216.50186157226562
raw_dataset_forest_foggy_forest_foggy_8_9_sequence.661_step0.camera.png,raw_dataset_forest_foggy_forest_foggy_8_9_sequence.661_step0.camera,1,0.9999043941497803,1979.03515625,262.15673828125,2039.9205322265625,294.8316650390625
raw_dataset_forest_foggy_forest_foggy_8_9_sequence.738_step0.camera.png,raw_dataset_forest_foggy_forest_foggy_8_9_sequence.738_step0.camera,0,0.9999527931213379,1515.2288818359375,736.7817993164062,1577.6123046875,809.1123657226562
raw_dataset_forest_foggy_forest_foggy_8_9_sequence.741_step0.camera.png,raw_dataset_forest_foggy_forest_foggy_8_9_sequence.741_step0.camera,0,0.9999344348907471,1501.73828125,703.5903930664062,1566.590576171875,767.1683349609375
raw_dataset_forest_foggy_forest_foggy_8_9_sequence.741_step0.camera.png,raw_dataset_forest_foggy_forest_foggy_8_9_sequence.741_step0.camera,1,0.9999111890792847,660.5829467773438,680.7373046875,719.34423828125,732.241455078125
raw_dataset_forest_foggy_forest_foggy_8_9_sequence.764_step0.camera.png,raw_dataset_forest_foggy_forest_foggy_8_9_sequence.764_step0.camera,0,0.9999033212661743,1431.9700927734375,546.6187744140625,1494.541748046875,598.1372680664062
raw_dataset_forest_foggy_forest_foggy_8_9_sequence.764_step0.camera.png,raw_dataset_forest_foggy_forest_foggy_8_9_sequence.764_step0.camera,1,0.9993228912353516,666.6409301757812,981.8872680664062,733.9813232421875,1038.92138671875
raw_dataset_forest_sunny_forest_sunny_8_9_sequence.10_step0.camera.png,raw_dataset_forest_sunny_forest_sunny_8_9_sequence.10_step0.camera,0,0.9997974038124084,1668.135986328125,923.7560424804688,1734.399169921875,1002.7827758789062
raw_dataset_forest_sunny_forest_sunny_8_9_sequence.13_step0.camera.png,raw_dataset_forest_sunny_forest_sunny_8_9_sequence.13_step0.camera,0,0.999769389629364,672.511962890625,857.8682861328125,727.6061401367188,900.4315795898438
raw_dataset_forest_sunny_forest_sunny_8_9_sequence.13_step0.camera.png,raw_dataset_forest_sunny_forest_sunny_8_9_sequence.13_step0.camera,1,0.999728262424469,1648.7415771484375,954.6793212890625,1715.6934814453125,1022.1842651367188
raw_dataset_forest_sunny_forest_sunny_8_9_sequence.231_step0.camera.png,raw_dataset_forest_sunny_forest_sunny_8_9_sequence.231_step0.camera,0,0.9999498128890991,1872.8504638671875,431.51568603515625,1943.263671875,484.8669128417969
raw_dataset_forest_sunny_forest_sunny_8_9_sequence.231_step0.camera.png,raw_dataset_forest_sunny_forest_sunny_8_9_sequence.231_step0.camera,1,0.9999196529388428,1003.0294799804688,348.1455993652344,1038.6927490234375,380.2061767578125
raw_dataset_forest_sunny_forest_sunny_8_9_sequence.237_step0.camera.png,raw_dataset_forest_sunny_forest_sunny_8_9_sequence.237_step0.camera,0,0.9999686479568481,1826.974853515625,511.5465393066406,1899.37744140625,570.53759765625
raw_dataset_forest_sunny_forest_sunny_8_9_sequence.237_step0.camera.png,raw_dataset_forest_sunny_forest_sunny_8_9_sequence.237_step0.camera,1,0.9998897314071655,1000.561767578125,382.58831787109375,1044.71728515625,410.9452209472656
raw_dataset_forest_sunny_forest_sunny_8_9_sequence.267_step0.camera.png,raw_dataset_forest_sunny_forest_sunny_8_9_sequence.267_step0.camera,0,0.9998348951339722,888.6163940429688,653.7642822265625,937.0891723632812,694.536376953125
raw_dataset_forest_sunny_forest_sunny_8_9_sequence.348_step0.camera.png,raw_dataset_forest_sunny_forest_sunny_8_9_sequence.348_step0.camera,0,0.9997171759605408,1897.58837890625,702.4832153320312,1949.7606201171875,744.5590209960938
raw_dataset_forest_sunny_forest_sunny_8_9_sequence.348_step0.camera.png,raw_dataset_forest_sunny_forest_sunny_8_9_sequence.348_step0.camera,1,0.999710738658905,772.2894897460938,661.53515625,832.0443115234375,696.83642578125
raw_dataset_forest_sunny_forest_sunny_8_9_sequence.358_step0.camera.png,raw_dataset_forest_sunny_forest_sunny_8_9_sequence.358_step0.camera,0,0.9998874664306641,1781.499755859375,601.1088256835938,1833.4398193359375,640.743408203125
raw_dataset_forest_sunny_forest_sunny_8_9_sequence.358_step0.camera.png,raw_dataset_forest_sunny_forest_sunny_8_9_sequence.358_step0.camera,1,0.9996181726455688,773.8678588867188,609.9224243164062,833.247314453125,647.29248046875
raw_dataset_forest_sunny_forest_sunny_8_9_sequence.364_step0.camera.png,raw_dataset_forest_sunny_forest_sunny_8_9_sequence.364_step0.camera,0,0.9999361038208008,1723.89697265625,557.34228515625,1778.2890625,600.6123657226562
raw_dataset_forest_sunny_forest_sunny_8_9_sequence.364_step0.camera.png,raw_dataset_forest_sunny_forest_sunny_8_9_sequence.364_step0.camera,1,0.9996707439422607,785.4956665039062,606.83251953125,840.3949584960938,639.0618896484375
raw_dataset_forest_sunny_forest_sunny_8_9_sequence.371_step0.camera.png,raw_dataset_forest_sunny_forest_sunny_8_9_sequence.371_step0.camera,0,0.999962329864502,1659.0931396484375,515.9423217773438,1698.861572265625,557.7335205078125
raw_dataset_forest_sunny_forest_sunny_8_9_sequence.371_step0.camera.png,raw_dataset_forest_sunny_forest_sunny_8_9_sequence.371_step0.camera,1,0.9998809099197388,813.4483642578125,609.8702392578125,865.7042236328125,640.7156372070312
raw_dataset_forest_sunny_forest_sunny_8_9_sequence.41_step0.camera.png,raw_dataset_forest_sunny_forest_sunny_8_9_sequence.41_step0.camera,0,0.9999802112579346,1697.50830078125,834.2427978515625,1775.5185546875,928.9140625
raw_dataset_forest_sunny_forest_sunny_8_9_sequence.41_step0.camera.png,raw_dataset_forest_sunny_forest_sunny_8_9_sequence.41_step0.camera,1,0.999745786190033,739.6893920898438,1022.4622802734375,812.7379760742188,1085.9200439453125
raw_dataset_forest_sunny_forest_sunny_8_9_sequence.446_step0.camera.png,raw_dataset_forest_sunny_forest_sunny_8_9_sequence.446_step0.camera,0,0.999935507774353,920.509033203125,302.09039306640625,943.54541015625,343.922119140625
raw_dataset_forest_sunny_forest_sunny_8_9_sequence.470_step0.camera.png,raw_dataset_forest_sunny_forest_sunny_8_9_sequence.470_step0.camera,0,0.9998581409454346,835.427734375,224.68531799316406,861.123046875,270.1249084472656
raw_dataset_forest_sunny_forest_sunny_8_9_sequence.470_step0.camera.png,raw_dataset_forest_sunny_forest_sunny_8_9_sequence.470_step0.camera,1,0.9998049139976501,1631.2266845703125,864.9652099609375,1706.1317138671875,928.285400390625
raw_dataset_forest_sunny_forest_sunny_8_9_sequence.508_step0.camera.png,raw_dataset_forest_sunny_forest_sunny_8_9_sequence.508_step0.camera,0,0.9999762773513794,1526.1463623046875,764.8800048828125,1585.3114013671875,830.96142578125
raw_dataset_forest_sunny_forest_sunny_8_9_sequence.508_step0.camera.png,raw_dataset_forest_sunny_forest_sunny_8_9_sequence.508_step0.camera,1,0.9999080896377563,917.226318359375,351.1590576171875,954.4922485351562,384.6378173828125
raw_dataset_forest_sunny_forest_sunny_8_9_sequence.554_step0.camera.png,raw_dataset_forest_sunny_forest_sunny_8_9_sequence.554_step0.camera,0,0.9998999834060669,1439.9835205078125,476.5673828125,1491.05126953125,527.2891845703125
raw_dataset_forest_sunny_forest_sunny_8_9_sequence.554_step0.camera.png,raw_dataset_forest_sunny_forest_sunny_8_9_sequence.554_step0.camera,1,0.9998993873596191,856.028076171875,289.2028503417969,897.8656616210938,319.746337890625
raw_dataset_forest_sunny_forest_sunny_8_9_sequence.56_step0.camera.png,raw_dataset_forest_sunny_forest_sunny_8_9_sequence.56_step0.camera,0,0.9998732805252075,1769.29150390625,808.5195922851562,1846.973388671875,881.36767578125
raw_dataset_forest_sunny_forest_sunny_8_9_sequence.56_step0.camera.png,raw_dataset_forest_sunny_forest_sunny_8_9_sequence.56_step0.camera,1,0.9998195767402649,742.91748046875,767.7457885742188,803.3773803710938,808.7890014648438
raw_dataset_forest_sunny_forest_sunny_8_9_sequence.591_step0.camera.png,raw_dataset_forest_sunny_forest_sunny_8_9_sequence.591_step0.camera,0,0.9999392032623291,855.1660766601562,263.5586242675781,888.4911499023438,309.0299072265625
raw_dataset_forest_sunny_forest_sunny_8_9_sequence.611_step0.camera.png,raw_dataset_forest_sunny_forest_sunny_8_9_sequence.611_step0.camera,0,0.9999310970306396,1813.72802734375,632.0151977539062,1849.082275390625,685.2193603515625
raw_dataset_forest_sunny_forest_sunny_8_9_sequence.611_step0.camera.png,raw_dataset_forest_sunny_forest_sunny_8_9_sequence.611_step0.camera,1,0.999786913394928,896.421875,318.2843017578125,929.5443115234375,359.23590087890625
raw_dataset_forest_sunny_forest_sunny_8_9_sequence.670_step0.camera.png,raw_dataset_forest_sunny_forest_sunny_8_9_sequence.670_step0.camera,0,0.9998461008071899,946.0827026367188,367.6003112792969,979.5987548828125,394.19598388671875
raw_dataset_forest_sunny_forest_sunny_8_9_sequence.670_step0.camera.png,raw_dataset_forest_sunny_forest_sunny_8_9_sequence.670_step0.camera,1,0.9997889399528503,2008.7779541015625,585.329345703125,2078.0048828125,622.2205200195312
raw_dataset_forest_sunny_forest_sunny_8_9_sequence.722_step0.camera.png,raw_dataset_forest_sunny_forest_sunny_8_9_sequence.722_step0.camera,0,0.9999607801437378,827.8372802734375,227.6873321533203,859.486328125,261.004150390625
raw_dataset_forest_sunny_forest_sunny_8_9_sequence.722_step0.camera.png,raw_dataset_forest_sunny_forest_sunny_8_9_sequence.722_step0.camera,1,0.9999326467514038,1966.555908203125,342.46649169921875,2036.3074951171875,390.3446960449219
raw_dataset_forest_sunny_forest_sunny_8_9_sequence.773_step0.camera.png,raw_dataset_forest_sunny_forest_sunny_8_9_sequence.773_step0.camera,0,0.9997711777687073,1611.5166015625,930.0034790039062,1684.24365234375,1011.7913818359375
raw_dataset_forest_sunny_forest_sunny_8_9_sequence.780_step0.camera.png,raw_dataset_forest_sunny_forest_sunny_8_9_sequence.780_step0.camera,0,0.9998140931129456,656.673095703125,909.4459228515625,726.8698120117188,944.529541015625
raw_dataset_forest_sunny_forest_sunny_8_9_sequence.780_step0.camera.png,raw_dataset_forest_sunny_forest_sunny_8_9_sequence.780_step0.camera,1,0.9997850060462952,1667.613037109375,793.3369140625,1714.5360107421875,852.7149047851562
raw_dataset_forest_sunny_forest_sunny_8_9_sequence.81_step0.camera.png,raw_dataset_forest_sunny_forest_sunny_8_9_sequence.81_step0.camera,0,0.9998792409896851,1896.40576171875,882.721435546875,1963.6156005859375,951.03564453125
raw_dataset_forest_sunny_forest_sunny_8_9_sequence.878_step0.camera.png,raw_dataset_forest_sunny_forest_sunny_8_9_sequence.878_step0.camera,0,0.9999263286590576,1751.83447265625,666.4904174804688,1825.5194091796875,726.40771484375
raw_dataset_forest_sunny_forest_sunny_8_9_sequence.878_step0.camera.png,raw_dataset_forest_sunny_forest_sunny_8_9_sequence.878_step0.camera,1,0.9999178647994995,889.5379638671875,573.5569458007812,937.7171630859375,601.8001708984375
raw_dataset_forest_sunny_forest_sunny_8_9_sequence.892_step0.camera.png,raw_dataset_forest_sunny_forest_sunny_8_9_sequence.892_step0.camera,0,0.9999383687973022,1629.37646484375,869.0281982421875,1707.11083984375,962.3928833007812
raw_dataset_forest_sunny_forest_sunny_8_9_sequence.892_step0.camera.png,raw_dataset_forest_sunny_forest_sunny_8_9_sequence.892_step0.camera,1,0.9999055862426758,793.3377075195312,753.763671875,853.0584716796875,777.5244750976562
raw_dataset_lake_foggy_lake_foggy_8_9_sequence.105_step0.camera.png,raw_dataset_lake_foggy_lake_foggy_8_9_sequence.105_step0.camera,0,0.9999614953994751,580.7774658203125,490.5640563964844,629.70947265625,526.750244140625
raw_dataset_lake_foggy_lake_foggy_8_9_sequence.105_step0.camera.png,raw_dataset_lake_foggy_lake_foggy_8_9_sequence.105_step0.camera,1,0.9998225569725037,1955.095458984375,667.8713989257812,2011.29736328125,718.3260498046875
raw_dataset_lake_foggy_lake_foggy_8_9_sequence.155_step0.camera.png,raw_dataset_lake_foggy_lake_foggy_8_9_sequence.155_step0.camera,0,0.9999488592147827,1539.4407958984375,686.3938598632812,1560.1097412109375,728.4913940429688
raw_dataset_lake_foggy_lake_foggy_8_9_sequence.155_step0.camera.png,raw_dataset_lake_foggy_lake_foggy_8_9_sequence.155_step0.camera,1,0.9999450445175171,758.1605224609375,669.1014404296875,800.2218627929688,696.4158325195312
raw_dataset_lake_foggy_lake_foggy_8_9_sequence.186_step0.camera.png,raw_dataset_lake_foggy_lake_foggy_8_9_sequence.186_step0.camera,0,0.9999006986618042,1504.8358154296875,468.30419921875,1553.830810546875,515.7817993164062
raw_dataset_lake_foggy_lake_foggy_8_9_sequence.186_step0.camera.png,raw_dataset_lake_foggy_lake_foggy_8_9_sequence.186_step0.camera,1,0.9997872710227966,724.8477783203125,641.27587890625,763.3126220703125,659.39208984375
raw_dataset_lake_foggy_lake_foggy_8_9_sequence.242_step0.camera.png,raw_dataset_lake_foggy_lake_foggy_8_9_sequence.242_step0.camera,0,0.9999347925186157,1822.3768310546875,170.24020385742188,1842.7476806640625,233.80262756347656
raw_dataset_lake_foggy_lake_foggy_8_9_sequence.242_step0.camera.png,raw_dataset_lake_foggy_lake_foggy_8_9_sequence.242_step0.camera,1,0.999804675579071,430.7314453125,907.7949829101562,515.274658203125,931.4306640625
raw_dataset_lake_foggy_lake_foggy_8_9_sequence.293_step0.camera.png,raw_dataset_lake_foggy_lake_foggy_8_9_sequence.293_step0.camera,0,0.999950647354126,526.005126953125,722.5078735351562,620.6506958007812,769.7140502929688
raw_dataset_lake_foggy_lake_foggy_8_9_sequence.293_step0.camera.png,raw_dataset_lake_foggy_lake_foggy_8_9_sequence.293_step0.camera,1,0.9999271631240845,2209.03125,348.3634948730469,2284.62841796875,401.1286926269531
raw_dataset_lake_foggy_lake_foggy_8_9_sequence.378_step0.camera.png,raw_dataset_lake_foggy_lake_foggy_8_9_sequence.378_step0.camera,0,0.9999003410339355,1182.412841796875,382.34112548828125,1227.247802734375,405.65032958984375
raw_dataset_lake_foggy_lake_foggy_8_9_sequence.378_step0.camera.png,raw_dataset_lake_foggy_lake_foggy_8_9_sequence.378_step0.camera,1,0.999788224697113,1618.8487548828125,674.139892578125,1649.1710205078125,713.2650146484375
raw_dataset_lake_foggy_lake_foggy_8_9_sequence.459_step0.camera.png,raw_dataset_lake_foggy_lake_foggy_8_9_sequence.459_step0.camera,0,0.999953031539917,2177.408935546875,1002.5051879882812,2215.0302734375,1054.6265869140625
raw_dataset_lake_foggy_lake_foggy_8_9_sequence.459_step0.camera.png,raw_dataset_lake_foggy_lake_foggy_8_9_sequence.459_step0.camera,1,0.9999392032623291,1034.8504638671875,196.8647918701172,1072.322265625,223.20562744140625
raw_dataset_lake_foggy_lake_foggy_8_9_sequence.477_step0.camera.png,raw_dataset_lake_foggy_lake_foggy_8_9_sequence.477_step0.camera,0,0.9998514652252197,1047.1824951171875,133.87977600097656,1080.013916015625,159.67530822753906
raw_dataset_lake_foggy_lake_foggy_8_9_sequence.477_step0.camera.png,raw_dataset_lake_foggy_lake_foggy_8_9_sequence.477_step0.camera,1,0.9993853569030762,2326.2724609375,971.3938598632812,2376.20751953125,1046.6754150390625
raw_dataset_lake_foggy_lake_foggy_8_9_sequence.53_step0.camera.png,raw_dataset_lake_foggy_lake_foggy_8_9_sequence.53_step0.camera,0,0.9999847412109375,443.32666015625,218.0555419921875,510.422119140625,252.74766540527344
raw_dataset_lake_foggy_lake_foggy_8_9_sequence.53_step0.camera.png,raw_dataset_lake_foggy_lake_foggy_8_9_sequence.53_step0.camera,1,0.9999617338180542,1776.6676025390625,663.2549438476562,1795.170166015625,715.4060668945312
raw_dataset_lake_foggy_lake_foggy_8_9_sequence.661_step0.camera.png,raw_dataset_lake_foggy_lake_foggy_8_9_sequence.661_step0.camera,0,0.9999047517776489,1846.76708984375,237.1838836669922,1898.0980224609375,284.8362121582031
raw_dataset_lake_foggy_lake_foggy_8_9_sequence.661_step0.camera.png,raw_dataset_lake_foggy_lake_foggy_8_9_sequence.661_step0.camera,1,0.999903678894043,817.4468383789062,467.6098327636719,851.2114868164062,500.5189514160156
raw_dataset_lake_foggy_lake_foggy_8_9_sequence.767_step0.camera.png,raw_dataset_lake_foggy_lake_foggy_8_9_sequence.767_step0.camera,0,0.9999769926071167,2152.30859375,444.6185302734375,2206.63037109375,495.06475830078125
raw_dataset_lake_foggy_lake_foggy_8_9_sequence.767_step0.camera.png,raw_dataset_lake_foggy_lake_foggy_8_9_sequence.767_step0.camera,1,0.9999116659164429,607.5281372070312,436.1383972167969,680.195556640625,456.0357360839844
raw_dataset_lake_foggy_lake_foggy_8_9_sequence.794_step0.camera.png,raw_dataset_lake_foggy_lake_foggy_8_9_sequence.794_step0.camera,0,0.9999572038650513,157.58047485351562,910.8106079101562,254.7945556640625,963.7173461914062
raw_dataset_lake_foggy_lake_foggy_8_9_sequence.794_step0.camera.png,raw_dataset_lake_foggy_lake_foggy_8_9_sequence.794_step0.camera,1,0.9998998641967773,2023.2325439453125,627.10009765625,2069.084228515625,673.3159790039062
raw_dataset_lake_sunny_lake_sunny_8_9_sequence.100_step0.camera.png,raw_dataset_lake_sunny_lake_sunny_8_9_sequence.100_step0.camera,0,0.9998489618301392,1207.348876953125,403.506591796875,1254.234130859375,420.7550354003906
raw_dataset_lake_sunny_lake_sunny_8_9_sequence.100_step0.camera.png,raw_dataset_lake_sunny_lake_sunny_8_9_sequence.100_step0.camera,1,0.9998118281364441,1658.738525390625,197.15150451660156,1704.9833984375,255.3402862548828
raw_dataset_lake_sunny_lake_sunny_8_9_sequence.160_step0.camera.png,raw_dataset_lake_sunny_lake_sunny_8_9_sequence.160_step0.camera,0,0.9999779462814331,762.0990600585938,658.8787841796875,830.1461181640625,707.6744384765625
raw_dataset_lake_sunny_lake_sunny_8_9_sequence.160_step0.camera.png,raw_dataset_lake_sunny_lake_sunny_8_9_sequence.160_step0.camera,1,0.9998681545257568,1797.73095703125,204.75457763671875,1816.72705078125,250.36611938476562
raw_dataset_lake_sunny_lake_sunny_8_9_sequence.17_step0.camera.png,raw_dataset_lake_sunny_lake_sunny_8_9_sequence.17_step0.camera,0,0.9999611377716064,1799.2657470703125,408.30938720703125,1854.83740234375,426.3750915527344
raw_dataset_lake_sunny_lake_sunny_8_9_sequence.17_step0.camera.png,raw_dataset_lake_sunny_lake_sunny_8_9_sequence.17_step0.camera,1,0.9998002648353577,592.6182861328125,187.40115356445312,652.8167724609375,231.01246643066406
raw_dataset_lake_sunny_lake_sunny_8_9_sequence.193_step0.camera.png,raw_dataset_lake_sunny_lake_sunny_8_9_sequence.193_step0.camera,0,0.9996122717857361,1746.7158203125,233.24327087402344,1786.0655517578125,279.1766662597656
raw_dataset_lake_sunny_lake_sunny_8_9_sequence.232_step0.camera.png,raw_dataset_lake_sunny_lake_sunny_8_9_sequence.232_step0.camera,0,0.9997888207435608,211.5209197998047,299.36798095703125,295.3614807128906,360.8382263183594
raw_dataset_lake_sunny_lake_sunny_8_9_sequence.232_step0.camera.png,raw_dataset_lake_sunny_lake_sunny_8_9_sequence.232_step0.camera,1,0.999258816242218,1581.02978515625,512.3942260742188,1623.8280029296875,546.6513061523438
raw_dataset_lake_sunny_lake_sunny_8_9_sequence.256_step0.camera.png,raw_dataset_lake_sunny_lake_sunny_8_9_sequence.256_step0.camera,0,0.9999744892120361,285.8957214355469,190.56552124023438,366.368896484375,238.58929443359375
raw_dataset_lake_sunny_lake_sunny_8_9_sequence.256_step0.camera.png,raw_dataset_lake_sunny_lake_sunny_8_9_sequence.256_step0.camera,1,0.9998687505722046,1566.6881103515625,687.63916015625,1618.1395263671875,732.494140625
raw_dataset_lake_sunny_lake_sunny_8_9_sequence.266_step0.camera.png,raw_dataset_lake_sunny_lake_sunny_8_9_sequence.266_step0.camera,0,0.9999752044677734,1635.5479736328125,718.5753784179688,1689.502685546875,756.7634887695312
raw_dataset_lake_sunny_lake_sunny_8_9_sequence.266_step0.camera.png,raw_dataset_lake_sunny_lake_sunny_8_9_sequence.266_step0.camera,1,0.9997908473014832,313.3221740722656,177.64309692382812,388.85272216796875,226.7461395263672
raw_dataset_lake_sunny_lake_sunny_8_9_sequence.316_step0.camera.png,raw_dataset_lake_sunny_lake_sunny_8_9_sequence.316_step0.camera,0,0.9999122619628906,651.997802734375,468.5697326660156,698.83056640625,490.1790771484375
raw_dataset_lake_sunny_lake_sunny_8_9_sequence.316_step0.camera.png,raw_dataset_lake_sunny_lake_sunny_8_9_sequence.316_step0.camera,1,0.9998749494552612,1834.6282958984375,881.5816040039062,1867.1771240234375,925.4879150390625
raw_dataset_lake_sunny_lake_sunny_8_9_sequence.321_step0.camera.png,raw_dataset_lake_sunny_lake_sunny_8_9_sequence.321_step0.camera,0,0.9998262524604797,673.31689453125,503.3760986328125,720.1611938476562,521.970703125
raw_dataset_lake_sunny_lake_sunny_8_9_sequence.321_step0.camera.png,raw_dataset_lake_sunny_lake_sunny_8_9_sequence.321_step0.camera,1,0.9996176958084106,1851.428955078125,895.5671997070312,1884.0745849609375,945.3385009765625
raw_dataset_lake_sunny_lake_sunny_8_9_sequence.329_step0.camera.png,raw_dataset_lake_sunny_lake_sunny_8_9_sequence.329_step0.camera,0,0.9999079704284668,703.6846313476562,554.2987670898438,753.056396484375,576.6198120117188
raw_dataset_lake_sunny_lake_sunny_8_9_sequence.329_step0.camera.png,raw_dataset_lake_sunny_lake_sunny_8_9_sequence.329_step0.camera,1,0.9998553991317749,1901.70263671875,918.4498901367188,1928.129638671875,967.8866577148438
raw_dataset_lake_sunny_lake_sunny_8_9_sequence.378_step0.camera.png,raw_dataset_lake_sunny_lake_sunny_8_9_sequence.378_step0.camera,0,0.9998899698257446,2320.18896484375,836.8270874023438,2390.05517578125,918.3054809570312
raw_dataset_lake_sunny_lake_sunny_8_9_sequence.378_step0.camera.png,raw_dataset_lake_sunny_lake_sunny_8_9_sequence.378_step0.camera,1,0.999847412109375,598.263671875,680.9619140625,642.1795654296875,700.1143188476562
raw_dataset_lake_sunny_lake_sunny_8_9_sequence.395_step0.camera.png,raw_dataset_lake_sunny_lake_sunny_8_9_sequence.395_step0.camera,0,0.9999693632125854,2317.239501953125,555.40283203125,2413.9169921875,631.2649536132812
raw_dataset_lake_sunny_lake_sunny_8_9_sequence.395_step0.camera.png,raw_dataset_lake_sunny_lake_sunny_8_9_sequence.395_step0.camera,1,0.9998857975006104,492.17303466796875,712.13427734375,527.9878540039062,734.0751953125
raw_dataset_lake_sunny_lake_sunny_8_9_sequence.413_step0.camera.png,raw_dataset_lake_sunny_lake_sunny_8_9_sequence.413_step0.camera,0,0.9999762773513794,2326.970458984375,258.174072265625,2421.38134765625,331.9761047363281
raw_dataset_lake_sunny_lake_sunny_8_9_sequence.413_step0.camera.png,raw_dataset_lake_sunny_lake_sunny_8_9_sequence.413_step0.camera,1,0.9997046589851379,373.7070007324219,681.0150146484375,427.29693603515625,699.786865234375
raw_dataset_lake_sunny_lake_sunny_8_9_sequence.504_step0.camera.png,raw_dataset_lake_sunny_lake_sunny_8_9_sequence.504_step0.camera,0,0.9998071789741516,743.741943359375,271.32476806640625,782.9071044921875,311.32452392578125
raw_dataset_lake_sunny_lake_sunny_8_9_sequence.504_step0.camera.png,raw_dataset_lake_sunny_lake_sunny_8_9_sequence.504_step0.camera,1,0.9997424483299255,1551.589111328125,196.40084838867188,1597.104736328125,248.7755126953125
raw_dataset_lake_sunny_lake_sunny_8_9_sequence.555_step0.camera.png,raw_dataset_lake_sunny_lake_sunny_8_9_sequence.555_step0.camera,0,0.9998846054077148,875.8365478515625,220.93817138671875,925.0359497070312,256.4797058105469
raw_dataset_lake_sunny_lake_sunny_8_9_sequence.555_step0.camera.png,raw_dataset_lake_sunny_lake_sunny_8_9_sequence.555_step0.camera,1,0.9995019435882568,1810.84912109375,491.43914794921875,1851.6614990234375,525.766357421875
raw_dataset_lake_sunny_lake_sunny_8_9_sequence.571_step0.camera.png,raw_dataset_lake_sunny_lake_sunny_8_9_sequence.571_step0.camera,0,0.9999279975891113,1899.4091796875,554.970947265625,1944.028564453125,595.9327392578125
raw_dataset_lake_sunny_lake_sunny_8_9_sequence.571_step0.camera.png,raw_dataset_lake_sunny_lake_sunny_8_9_sequence.571_step0.camera,1,0.9997656941413879,690.262939453125,407.8349304199219,754.4656372070312,440.9378662109375
raw_dataset_lake_sunny_lake_sunny_8_9_sequence.662_step0.camera.png,raw_dataset_lake_sunny_lake_sunny_8_9_sequence.662_step0.camera,0,0.9999827146530151,2217.85498046875,948.5046997070312,2293.6142578125,970.0914916992188
raw_dataset_lake_sunny_lake_sunny_8_9_sequence.662_step0.camera.png,raw_dataset_lake_sunny_lake_sunny_8_9_sequence.662_step0.camera,1,0.9998656511306763,899.76611328125,165.63356018066406,939.96337890625,188.10447692871094
raw_dataset_lake_sunny_lake_sunny_8_9_sequence.671_step0.camera.png,raw_dataset_lake_sunny_lake_sunny_8_9_sequence.671_step0.camera,0,0.9999113082885742,942.640869140625,134.91806030273438,975.6954956054688,157.79354858398438
raw_dataset_lake_sunny_lake_sunny_8_9_sequence.671_step0.camera.png,raw_dataset_lake_sunny_lake_sunny_8_9_sequence.671_step0.camera,1,0.9992508292198181,2205.73291015625,995.2086181640625,2266.5576171875,1020.98974609375
raw_dataset_lake_sunny_lake_sunny_8_9_sequence.712_step0.camera.png,raw_dataset_lake_sunny_lake_sunny_8_9_sequence.712_step0.camera,0,0.9999654293060303,2107.34765625,738.9017333984375,2151.80859375,764.7426147460938
raw_dataset_lake_sunny_lake_sunny_8_9_sequence.712_step0.camera.png,raw_dataset_lake_sunny_lake_sunny_8_9_sequence.712_step0.camera,1,0.9996055960655212,893.5433349609375,221.7239227294922,938.00146484375,240.86305236816406
raw_dataset_lake_sunny_lake_sunny_8_9_sequence.73_step0.camera.png,raw_dataset_lake_sunny_lake_sunny_8_9_sequence.73_step0.camera,0,0.9999130964279175,1004.784423828125,432.52899169921875,1058.355224609375,460.72607421875
raw_dataset_lake_sunny_lake_sunny_8_9_sequence.73_step0.camera.png,raw_dataset_lake_sunny_lake_sunny_8_9_sequence.73_step0.camera,1,0.9990507960319519,1572.42236328125,88.54039764404297,1592.5208740234375,147.89889526367188
raw_dataset_lake_sunny_lake_sunny_8_9_sequence.803_step0.camera.png,raw_dataset_lake_sunny_lake_sunny_8_9_sequence.803_step0.camera,0,0.9994774460792542,546.7516479492188,439.5931091308594,618.21484375,478.6108093261719
raw_dataset_lake_sunny_lake_sunny_8_9_sequence.805_step0.camera.png,raw_dataset_lake_sunny_lake_sunny_8_9_sequence.805_step0.camera,0,0.9998499155044556,1856.299072265625,283.81158447265625,1879.740966796875,332.3037109375
raw_dataset_lake_sunny_lake_sunny_8_9_sequence.805_step0.camera.png,raw_dataset_lake_sunny_lake_sunny_8_9_sequence.805_step0.camera,1,0.9997194409370422,574.2106323242188,417.7568054199219,639.0192260742188,455.30694580078125
